v -1.129633 4.525706 -12.3149696781778
v -1.12963264535121 4.525706 -12.3091840408464
v -1.12963267600363 4.525706 -12.3149696843521
v -1.129633 4.525706 -12.3091840408464
v -1.129633 4.525706 -12.309183201774
v -1.12963264534676 4.525706 -12.3091832017731
v 5.58246047895538 4.519895 -5.32674789594826
v 5.561114 4.519895 -5.27340605372289
v 5.574317 4.519895 -5.261289
v 5.561114 4.519895 -5.32674789062461
v 5.54336621618416 4.525706 -5.28969408295554
v 5.561114 4.525706 -5.32674789062461
v 5.56111394761226 4.525706 -5.32674789062459
v 5.561114 4.525706 -5.27340605372289
v -5.50546147485533 4.525706 -8.97313801976395
v -5.51402173438556 4.525706 -8.90884680184199
v -5.50546147249652 4.525706 -8.97313801976395
v -5.51402173902133 4.525706 -8.90884680175478
v -5.5141770896185 4.525706 -8.90768001778027
v -5.51417709428377 4.525706 -8.90768001778027
v -5.576042 4.525706 -8.973138
v -5.52206559085501 4.525706 -8.97313801511447
v -5.52206559070288 4.525706 -8.97313801551357
v -5.57593369529017 4.525706 -8.907682
v -5.57604 4.525706 -8.907682
v -5.54680712088991 4.525706 -8.90822998276483
v -1.4332412808573 4.525706 -11.3538475998247
v -1.49474891638018 4.525706 -11.298746881335
v -1.43324132875006 4.525706 -11.1909403325837
v -1.49800790544202 4.525706 -11.4254391542376
v -1.6411504647248 4.525706 -11.5553501113917
v -1.6376201963293 4.525706 -11.5797634066417
v 1.98994 4.525706 -5.326747
v 1.9899402080033 4.525706 -5.32674746054314
v 1.98993980353397 4.525706 -5.32674746054308
v 1.98994024652274 4.525706 -5.32674746054314
v 5.561114 4.519894 -8.97314
v 5.99968 4.519894 -8.973142
v 5.50713597472808 4.519894 -8.9731416314893
v 5.50713660237773 4.519894 -8.97313998488525
v 5.561114 4.519895 -8.907684
v -5.99124115030313 4.519895 -5.3935671693925
v -5.9908075334329 4.519895 -5.39228769904983
v -5.99063537431114 4.519895 -5.39355828873145
v -5.99139123053122 4.519895 -5.39237993549783
v -5.999688 4.519895 -5.326747
v 5.999682 -4.29535 -1.74723
v 5.999681 -4.29535 -5.034047
v 5.999682 -4.29535 -1.747229
v -1.129634 4.525706 -11.9321333136754
v -1.433241 4.525706 -11.999785096042
v -1.129634 4.525706 -11.9310948838986
v -1.433241 4.525706 -12.0004858198243
v -1.43324109095952 4.525706 -11.9997851166213
v -1.43324109075351 4.525706 -12.0004858402561
v 1.9613814559925 4.525706 -5.39369210957833
v 1.96138150273822 4.525706 -5.393692
v 2.02017556287447 4.525706 -5.393692
v 2.02017561908201 4.525706 -5.39369212444994
v 1.94947226763574 4.525706 -5.393692
v 1.94947220321745 4.525706 -5.39369210656596
v 2.064643 4.525706 -5.492148
v 1.66055158525573 4.525706 -6.1829051367214
v 1.6504348624643 4.525706 -6.12259319680766
v 2.064643 4.525706 -6.4092
v 1.69851039256068 4.525706 -6.40920068247969
v 5.481618 4.519895 -12.712265
v 5.91364479537561 4.519895 -12.376125
v 5.99968 4.519895 -12.376125
v 5.51782475613608 4.519895 -12.376125
v 1.26141100512474 4.525706 -5.326747
v 1.26440438900011 4.525706 -5.326747
v 1.26440437104653 4.525706 -5.32674736293202
v 1.26141100698261 4.525706 -5.3267473625293
v 1.26141100031531 4.525706 -5.32674606152621
v 1.26440443547626 4.525706 -5.32674606048368
v 1.34254 4.525706 -3.747234
v 1.34778513217338 4.525706 -3.75981842221529
v 1.34261434276289 4.525706 -3.75840206040846
v 1.34254 4.525706 -1.747235
v 1.52817 4.525706 -2.706165
v 1.44598102142917 4.525706 -3.78671584465678
v -0.82971027776349 4.525706 -11.969220535664
v -0.795885527051752 4.525706 -11.8569949125537
v -1.129634 4.525706 -12.0476567001079
v -1.433241 4.525706 -12.1270561167355
v 1.260786 4.525706 -5.204934
v 1.26107484084356 4.525706 -5.26128700000012
v 1.26078571888147 4.525706 -5.204934
v 1.261075 4.525706 -5.261287
v 1.26141068156687 4.525706 -5.3267459922648
v 1.26141075412387 4.525706 -5.32674599402731
v 1.102382 -4.29535 -1.747235
v -1.334844 -4.29535 -3.02500345624527
v -1.09756 -4.29535 -1.747235
v -1.334844 -4.29535 -1.747235
v -1.097559999979 -4.29535 -1.747229
v 1.102382 -4.29535 -1.747229
v 1.3018424946255 -4.29535 -3.747234
v 1.34254 -4.29535 -1.747235
v 1.34254 -4.29535 -3.747234
v 1.3018424946255 4.525706 -3.747234
v 1.3323587446785 4.525706 -3.75559288829182
v -2.09441595073391 4.519895 -5.261288
v -2.094416 4.519895 -5.204934
v -2.0944159297652 4.519895 -5.204934
v -2.094416 4.519895 -5.261288
v -5.38741175662287 4.519895 -5.261288
v -5.41447741050223 4.519895 -5.204934
v -5.999688 4.519895 -8.751223
v -5.54702176233136 4.519895 -8.90768000834025
v -5.57604 4.519895 -8.90768
v -5.57604000006111 4.519895 -8.90768199997743
v -5.999688 4.519895 -8.68044
v -5.54701996743722 4.519895 -8.90768000834077
v -5.53673986967192 4.525706 -5.32674601100538
v -5.5367398705836 4.525706 -5.32674600948685
v -5.50942949861311 4.525706 -5.3267460160791
v -5.50942949599411 4.525706 -5.32674601865283
v -5.576042 4.525706 -5.326746
v 0.002408 4.525706 -4.296337
v 1.25989980373693 4.525706 -5.03404660499736
v 1.25989980351455 4.525706 -5.03404660499736
v 0.002381 4.525706 -4.296339
v 0.319858 4.525706 -4.279589
v 1.25990227789775 4.525706 -5.03404660499757
v -5.57604 4.525706 -12.243713
v -5.55038369398251 4.525706 -12.2425593474204
v -5.54928069666215 4.525706 -12.2429405836372
v -5.56839768230581 4.525706 -12.2363330541815
v 1.496417 4.525706 -8.751224
v 1.528169 4.525706 -8.751224
v 1.528169 4.525706 -8.96245244193539
v 1.438072 4.525706 -8.973139
v 1.438072 4.525706 -9.05732799689612
v 0.0895937445825416 4.525706 -10.2948939641034
v -1.433241 4.525706 -11.5433233827936
v -1.433241 4.525706 -11.3538472893714
v 1.528169 4.525706 -8.080372
v 1.528169 4.525706 -8.68044
v 1.528169 4.525706 -8.74736935182165
v 1.55989605066581 4.525706 -12.142314
v 1.559231487484 4.525706 -12.1517146459942
v 1.55861788636363 4.525706 -12.1517333311141
v 1.56053271420795 4.525706 -12.142314
v 1.56528568463285 4.525706 -12.1515302861624
v 1.56680878152247 4.525706 -12.142314
v -1.433241 4.525706 -11.9841070644631
v -1.43324109556867 4.525706 -11.9841070884636
v -1.43324109710515 4.525706 -11.9788807445151
v -1.433241 4.525706 -11.9788807016989
v -1.433241 4.525706 -11.9876838561908
v -1.43324109451713 4.525706 -11.9876838964806
v -1.334844 4.525706 -3.747234
v -1.40665905155316 4.525706 -3.00533216660248
v -1.334844 4.525706 -3.02500345624527
v -1.52246267880496 4.525706 -5.03404637312157
v -1.52246217959704 4.525706 -5.03404637312162
v -1.52246299999758 4.525706 -5.03404637312155
v -1.52246211488825 4.525706 -2.97361185796077
v -2.004869 4.519895 -12.243714
v -2.00532811361117 4.519895 -12.2429160479213
v -1.54361390714765 4.519895 -12.2298565542557
v -1.54160861433747 4.519895 -12.243724
v -2.00486899969447 4.519895 -12.243724
v -2.00532811361117 4.525706 -12.2429160479213
v -2.004869 4.525706 -12.243714
v -2.00513270412886 4.525706 -12.243724
v -2.033893 4.525706 -12.243724
v -5.547016 4.525706 -8.907682
v -5.54701996743722 4.525706 -8.90768000834077
v -5.54701625656522 4.525706 -8.90768000834183
v -5.54702176233136 4.525706 -8.90768000834025
v -3.63612526638023 4.519895 -8.90768055755892
v -3.66319236852123 4.519895 -8.85132354210112
v -2.09674 4.519895 -8.851324
v -2.09674 4.519895 -8.907681
v -5.496548 4.519895 -8.90768002284712
v -5.496548 4.519895 -8.85132300618219
v 5.561113 4.525706 -12.2477885838355
v 5.55885695751537 4.525706 -12.247472753134
v 5.56110699629937 4.525706 -12.243725
v 5.561113 4.525706 -12.243725
v 5.561113 4.525706 -12.309175
v 5.52503616305972 4.525706 -12.309175
v 5.52574091696485 4.525706 -12.3026321333377
v 1.26141077585682 4.525706 -5.32674736252927
v 1.26141077399742 4.525706 -5.326747
v -1.334844 4.525706 -1.747235
v -1.334857994522 4.525706 -1.747229
v -1.09757470637365 4.525706 -1.747229
v -1.09756 4.525706 -1.747235
v -1.522462 4.525706 -2.706165
v -2.97344961431071 4.525706 -1.747229
v -1.433241 4.525706 -11.6113826625169
v -1.43324120514507 4.525706 -11.6113828354108
v -1.43324122515367 4.525706 -11.543323567376
v -1.433241 4.525706 -11.6924756054867
v -1.43324118130473 4.525706 -11.6924757718791
v 2.079488 4.525706 -12.1114900788313
v 2.079488 4.525706 -12.1273778439536
v 2.06132025757375 4.525706 -12.127891714902
v 3.72249337280085 4.525706 -12.0809057667284
v 5.481619 4.525706 -9.040084
v 5.481618 4.525706 -12.016496
v 2.048284 4.525706 -5.204935
v 2.079488 4.525706 -5.32674702233261
v 2.079488 4.525706 -5.20601704861949
v 5.50299161337545 4.525706 -5.32674787612931
v 5.50510764288696 4.525706 -5.32480588996934
v 1.98994 4.525706 -8.973139
v 2.00485365672668 4.525706 -8.98428810255852
v 1.98994 4.525706 -8.98839450839559
v 2.04173820996869 4.525706 -8.9741321128166
v 1.94500081520898 4.525706 -5.26977449892102
v 1.92995424227327 4.525706 -5.29614716546892
v 1.90197874243398 4.525706 -5.27789800525097
v 1.95808446203105 4.525706 -5.31449725359156
v 1.98994 4.525706 -5.261289
v -1.22967077999259 4.525706 -11.9009079053807
v -1.30756784978807 4.525706 -11.9234680973789
v -1.129634 4.525706 -11.8450123731704
v -1.129634 4.525706 -11.8582651912375
v -1.41281809438471 4.525706 -11.9789781768777
v -1.79599233952629 4.525706 -12.142314
v -1.57019143087629 4.525706 -12.0460617655564
v -1.55627294024354 4.525706 -12.142314
v -1.5711152600712 4.525706 -12.0396730969429
v -1.80389994482081 4.525706 -12.142314
v -1.433241 4.525706 -10.7056866243702
v 1.25556028124305 4.525706 -5.39369182127722
v 1.25562499281204 4.525706 -5.39369182131964
v -1.433241 4.525706 -10.7624743495578
v -1.433241 4.525706 -8.973141
v -1.433242 4.525706 -8.907683
v -1.97519779491499 4.525706 -8.90768110381317
v -1.76659463059378 4.525706 -8.68043942683862
v -1.522463 4.525706 -8.41449484580036
v 1.2505717653588 4.525706 -5.39369181800674
v -1.522463 4.525706 -8.680439
v 1.25990900925368 4.525706 -5.03405380364211
v 1.27888338008625 4.525706 -5.03405389432407
v 1.25990900970608 4.525706 -5.03405389181955
v 1.27888338434724 4.525706 -5.03405380818806
v 1.350746418749 4.525706 -5.03405390380965
v 1.350746418249 4.525706 -5.03405382540528
v 1.52817186346411 4.519895 -5.03405386791356
v 1.52817195439312 4.519895 -5.03405392722896
v 1.528169 4.519895 -5.03405392722857
v 1.528169 4.519895 -5.03405386791287
v 2.079488 4.519895 -5.034054
v 5.999681 -4.29535 -1.747229
v 5.999681 -4.29535 -1.74722883332446
v 2.64468269545877 4.525706 -1.18803267205355
v 5.999681 4.525706 -1.747229
v 1.34255397142999 4.525706 -1.747229
v 5.999681 4.525706 -1.74722883332446
v -2.10877752008992 4.525706 -12.0878052749635
v -2.094416 4.525706 -12.091079687912
v -2.094416 4.525706 -12.1177077154054
v -2.09674 4.525706 -12.087264
v -2.094416 4.525706 -12.0872639909668
v -2.09673998816071 4.525706 -12.0872639902941
v 2.079488 4.519895 -12.2361107755487
v 2.079488 4.519895 -12.2225850714577
v 3.09953599568191 4.519895 -12.1873743043152
v 5.99968 4.519895 -12.187375
v 5.502768 4.519895 -12.1044177739836
v 5.99968 4.519895 -12.087265
v 5.502768 4.519895 -12.187375
v 1.99998535139701 4.519895 -12.2253294023706
v 1.99351037235288 4.519895 -12.2371796482884
v -1.82303971161467 4.525706 -8.68043952552694
v -1.522463 4.525706 -8.35899797335512
v -5.999688 4.519895 -5.393691
v -5.99122549690726 4.519895 -5.39369099810988
v 1.496417 4.519895 -5.204934
v 1.528169 4.519895 -5.32674616325824
v 1.48261564024739 4.519895 -5.3267460807143
v 1.438074 4.519895 -5.261287
v 1.46041705250072 4.519895 -5.204934
v 1.496417 4.519895 -5.11413597491537
v 1.5281682358851 4.519895 -5.03405392722847
v 1.90197874243398 4.519895 -5.27789800525097
v 1.64327789369679 4.519895 -5.32674637183873
v -2.09673997594364 4.525706 -8.97313897427374
v -2.0352867833403 4.525706 -8.97313899148186
v -2.03528679815001 4.525706 -8.97313900761481
v -2.09674 4.525706 -8.97313902299803
v -2.09674 4.525706 -8.973139
v -2.004869 4.525706 -8.907681
v -2.004869 4.525706 -8.94000340545856
v -2.1379972757479 4.525706 -12.1474069166736
v -2.094416 4.525706 -12.2413362097296
v -2.99534725282273 4.525706 -12.2057921210403
v -2.094416 4.525706 -12.1877282323691
v -2.08948156888583 4.525706 -12.1922935589071
v -2.09080181365432 4.525706 -12.2414787988113
v -2.09441526308578 4.525706 -12.3761234490651
v -2.0560846195206 4.525706 -12.3194447355994
v -2.01775898287534 4.525706 -12.3188133584576
v -2.09441562741052 4.525706 -12.376123449065
v -2.09291088299643 4.525706 -12.3200514120441
v -2.09441598521164 4.525706 -12.376123449065
v 1.98433638476738 4.525706 -12.07856302275
v 2.045345 4.525706 -12.0868641074935
v 2.045345 4.525706 -12.087264
v 1.97099759930651 4.525706 -12.087264
v 2.045345 4.525706 -12.0387667028562
v 0.615699 4.525706 -4.230487
v 0.6157 4.525706 -4.230487
v 1.154618 -4.29535 -3.747234
v 0.319858 -4.29535 -4.279589
v 0.00238 -4.29535 -4.296337
v 0.002408 -4.29535 -4.296337
v 0.002381 -4.29535 -4.296339
v -0.315096 -4.29535 -4.279588
v -0.315096 -4.29535 -4.27959
v -0.315106 -4.29535 -4.279588
v -1.149855 -4.29535 -3.747234
v -0.86498 -4.29535 -4.140152
v -1.057793 -4.29535 -3.977103
v -0.864981 -4.29535 -4.140152
v -1.334844 -4.29535 -3.747234
v 1.062556 -4.29535 -3.977103
v 0.869741 -4.29535 -4.140153
v 0.6157 -4.29535 -4.230487
v 0.615699 -4.29535 -4.230487
v -0.610936 -4.29535 -4.230486
v 1.52816816208746 4.519895 -5.03405386791267
v 1.52816813547945 4.519895 -5.03405392722845
v 1.52816825940285 4.519895 -5.03405386791269
v 1.26141075415451 4.525706 -5.32674600000009
v 1.26141068192222 4.525706 -5.32674606152632
v 1.26141068160656 4.525706 -5.32674600000012
v 1.26141075447009 4.525706 -5.32674606152629
v 1.26141068673711 4.525706 -5.326747
v 1.26141075928374 4.525706 -5.326747
v -2.20300275347994 4.519895 -12.0872639689377
v -2.10903748956615 4.519895 -12.0872639867342
v -2.10903748492135 4.519895 -12.0872639964052
v -2.20300276364473 4.519895 -12.0872639595333
v -2.14254847347825 4.519895 -12.0174900217009
v -2.27544838593244 4.519895 -12.0202374038189
v 5.52180681059473 4.525706 -12.3091849357086
v 5.52416048557503 4.525706 -12.317304704539
v 5.51685707293597 4.525706 -12.3174294135172
v 5.52503509280476 4.525706 -12.3091849361429
v 5.55202491408994 4.525706 -12.3168289071851
v 5.56110119627476 4.525706 -12.3091849409951
v -1.06502111321464 4.525706 -12.7499478012738
v -1.05366323300305 4.525706 -12.712264
v -0.697456 4.525706 -12.712264
v -0.697456 4.525706 -12.964324
v -1.129633 4.525706 -12.712264
v -5.496549 4.519895 -12.376123
v -5.999689 4.519895 -12.376123
v -5.76971391252679 4.519895 -12.3397799160779
v -5.999689 4.519895 -12.712263
v -1.48891660850462 4.525706 -11.0720175714167
v -1.43324138911706 4.525706 -10.9856019273222
v -1.48907855055877 4.525706 -11.0783130227146
v -1.43324139105108 4.525706 -10.9790233456742
v -1.433241 4.525706 -10.9856012812387
v -1.433241 4.525706 -10.9790226925022
v -2.09261913398273 4.525706 -12.3091824083764
v -2.0491444245297 4.525706 -12.3091825133168
v 1.25036508196433 4.525706 -5.39369118766232
v 1.25057234392046 4.525706 -5.39369118775109
v 1.25036449266276 4.525706 -5.39369181787085
v 1.261692 4.525706 -5.381578
v -0.697456 4.519895 -12.187374
v -0.0416568383033756 4.519895 -12.187374
v -0.697456 4.519895 -12.2059231476724
v -0.0416568383033756 4.525706 -12.187374
v -0.697456 4.525706 -12.187374
v 1.438072 4.525706 -12.143512349084
v 1.438072 4.525706 -12.1455201667841
v 2.04534494365443 4.525706 -8.97313901551449
v 2.04534484945196 4.525706 -8.9731390414527
v 1.98994 4.525706 -8.92994901572385
v 2.045345 4.525706 -8.907681
v 2.045345 4.525706 -8.973139
v 1.97061663714592 4.519895 -9.115541
v 1.7806943183184 4.519895 -10.5517677380255
v 1.77540846077177 4.519895 -10.5541122746764
v 1.97949518948418 4.519895 -9.115541
v 1.83353832340375 4.519895 -10.5283288341937
v 2.045345 4.519895 -9.115541
v 2.045345 4.519895 -9.04008306192966
v 2.079488 4.519895 -9.040083
v 1.61188233276924 4.525706 -5.89275811064127
v 1.528169 4.525706 -6.03258435508652
v 1.528169 4.525706 -6.00037053005885
v 1.60681191692487 4.525706 -5.86253027678163
v 1.61670665819097 4.525706 -5.92151884976184
v 1.528169 4.525706 -6.06852530679557
v 1.5466325220904 4.519895 -12.2427352278641
v 1.5465070889166 4.519895 -12.2409828986492
v 1.54687684421392 4.519895 -12.2409701351638
v 1.54626869131317 4.519895 -12.2427397510036
v 1.52461103241664 4.519895 -12.2417387228359
v 1.52464465301437 4.519895 -12.2430085807642
v 0.790182830337568 4.525706 -7.29386528481902
v 1.13740180128064 4.525706 -6.68528217563483
v -5.68533256946444 4.519895 -12.3264450880926
v -5.75095119263105 4.519895 -12.3091777157762
v -5.67500548779592 4.519895 -12.3091761023741
v -5.64567740095081 4.519895 -12.3201783609742
v -5.999689 4.519895 -12.309183
v 1.496417 4.525706 -12.142314
v 1.52197257223112 4.525706 -12.1420834575724
v 1.52197867604324 4.525706 -12.142314
v 1.438072 4.525706 -12.1382122336055
v 1.438072 4.525706 -12.142314
v 1.52186697204461 4.525706 -12.1380949135514
v -5.4413067263333 4.525706 -5.3936911429814
v -5.32382132569136 4.525706 -5.39369105077013
v -5.32382126695558 4.525706 -5.39369117306521
v -5.44130685530707 4.525706 -5.39369101623721
v -5.3238214225765 4.525706 -5.39369084904342
v -5.44130699873969 4.525706 -5.39369087528413
v 1.351986 4.525706 -5.204934
v 1.35110600980243 4.525706 -5.03405390385711
v 1.35110600980439 4.525706 -5.03405390385711
v 1.352276 4.525706 -5.261287
v 1.352613 4.525706 -5.326746
v -0.795429562868922 4.525706 -11.8554820894446
v -1.129634 4.525706 -11.9078610002417
v -0.785141306472047 4.525706 -11.8213471450455
v 1.94500081520898 4.519895 -5.26977449892102
v 1.736271086878 4.519895 -12.2403776437129
v 1.55052553917888 4.519895 -12.2408441868268
v 1.74589438815194 4.519895 -12.2341003011692
v 1.55022039436475 4.519895 -12.242690623483
v 1.9749199448852 4.525706 -5.32674745852236
v 1.97686301263764 4.525706 -5.326747
v 1.97686371594168 4.525706 -5.32674745878387
v 1.97492022103971 4.525706 -5.326747
v 1.97686297631238 4.525706 -5.32674697630407
v 1.97492023743124 4.525706 -5.32674697278378
v 1.25989643947077 4.525706 -5.03404660499708
v -0.315096 4.525706 -4.27959
v 1.25989773746273 4.525706 -5.03404660499719
v -0.610936 4.525706 -4.230486
v -0.315106 4.525706 -4.279588
v -3.73119365884839 4.525706 -12.3091784531439
v -4.51348273729279 4.525706 -12.3091765648348
v -4.51344944360243 4.525706 -12.3091742975472
v -3.73108985117819 4.525706 -12.3091745166234
v -5.496549 4.525706 -12.376123
v 2.045345 4.525706 -12.142314
v 2.079488 4.525706 -12.141770376033
v 2.079488 4.525706 -12.1427589897288
v 2.079488 4.525706 -12.1410638653413
v -5.32854677566662 4.525706 -5.38385208626208
v -5.44951428727736 4.525706 -5.38562546698834
v 1.93460115785531 4.525706 -5.39369210280443
v 1.93460121977139 4.525706 -5.393692
v 1.6196821437693 4.525706 -5.93925752967965
v 1.25556060083693 4.525706 -5.39369118988767
v 1.25562530904043 4.525706 -5.39369118991539
v 1.54437298425057 4.525706 -12.1521671108034
v 1.52200071085473 4.525706 -12.1431462600417
v 1.55142499747388 4.525706 -12.142314
v 1.52211848631912 4.525706 -12.1475946671883
v 1.50307331861458 4.525706 -12.1436816175326
v 1.48495035036227 4.525706 -10.7437453809845
v 1.438072 4.525706 -10.7637282322333
v 1.438072 4.525706 -10.7128431202462
v 1.48360068819269 4.525706 -10.6927683216135
v 1.49469727230739 4.525706 -11.1118889282214
v 1.438072 4.525706 -11.1282884798164
v 5.999681 4.519895 -5.034053
v 5.999681 4.519895 -5.104836
v -2.094416 4.525706 -5.034053
v -5.4965411398596 4.525706 -5.03404604193087
v -2.09441917401742 4.525706 -5.03404632545601
v -5.496548 4.525706 -5.034053
v -5.496548 4.525706 -5.0340460419303
v 1.98994 4.525706 -9.040083
v 1.98993997751731 4.525706 -9.04008316242506
v 1.98085595160257 4.525706 -9.04008317890196
v 1.98778954253719 4.525706 -8.98898662683036
v 2.045345 4.525706 -9.04008306192966
v 2.045345 4.525706 -9.040083
v -2.09673999413284 4.525706 -12.0872639902941
v -2.09673999380368 4.525706 -12.0872639902941
v -2.09673999415441 4.525706 -12.0872639902941
v 1.496417 4.525706 -12.1438698901687
v 1.496417 4.525706 -12.1536274460014
v 1.438072 4.525706 -12.1554041430801
v -1.433241 4.525706 -11.1909397563717
v -1.43324137078492 4.525706 -11.0479587327238
v -1.433241 4.525706 -11.0479581519257
v -1.129632 4.525706 -12.2367494677525
v -0.981629577414708 4.525706 -12.2290878644623
v -0.966576249112891 4.525706 -12.2333305821524
v -1.129632 4.525706 -12.2335947711699
v -1.03040555483357 4.525706 -12.2153405590093
v -1.129632 4.525706 -12.2181471590965
v 1.91067087179017 4.525706 -5.39369209675141
v 1.9106709297148 4.525706 -5.393692
v -5.496548 4.525706 -8.90917554991751
v -5.496548 4.525706 -8.90768002284712
v -3.63612526638023 4.525706 -8.90768055755892
v -3.618436833848 4.525706 -8.9445100364019
v -5.51302822019787 4.525706 -8.90886549366081
v -5.51317711075561 4.525706 -8.90768001806768
v -0.697456 4.519891 -12.323205419785
v 1.43808463166483 4.519891 -12.3091843862984
v 1.51365813972521 4.519891 -12.3653413148436
v -0.697456 4.519891 -12.30918409899
v 1.43807395259673 4.519891 -12.3091764509295
v -0.697456 4.519891 -12.309182065523
v -1.522463 4.525706 -5.034052
v -1.52245661713767 4.525706 -5.03404637312208
v 1.259909 4.525706 -5.034052
v -1.52245886131438 4.525706 -5.03404637312189
v 2.064643 4.519895 -6.4092
v 1.97883247630807 4.519895 -8.08037118107046
v 1.69851039256068 4.519895 -6.40920068247969
v 2.064643 4.519895 -5.492148
v 2.078477 4.519895 -5.492148
v 2.078477 4.519895 -5.3936921391969
v 2.079488 4.519895 -5.39369213945263
v 2.079488 4.519895 -8.46866843992279
v 2.04870437954776 4.519895 -8.4969201086954
v 2.045345 4.519895 -8.47689280325184
v 2.045345 4.519895 -8.190944
v 2.078477 4.519895 -8.190944
v 2.078477 4.519895 -8.080371
v 1.99455136380878 4.525706 -8.17408103336144
v 2.078477 4.525706 -8.080371
v 2.078477 4.525706 -8.190944
v 1.97883247630807 4.525706 -8.08037118107046
v -1.522463 4.525706 -8.17502945565847
v 1.24961849674859 4.525706 -5.39369181738177
v 1.24996680953822 4.525706 -5.39369181761013
v -1.522463 4.525706 -8.258012798927
v 1.24935943459814 4.525706 -5.39369181721193
v -1.522463 4.525706 -8.11634920620873
v -1.12963299999714 4.525706 -12.37612362165
v -1.1296305574143 4.525706 -12.3761236216504
v -1.129633 4.525706 -12.376124
v -1.1296329999968 4.525706 -12.3761235764117
v -1.12963026536029 4.525706 -12.376123576412
v 3.55457942030942 4.525706 -5.12996495841714
v 4.70760371434418 4.525706 -5.204935
v 2.079488 4.525706 -5.204935
v 2.079488 4.525706 -5.20338194131974
v 5.481619 4.525706 -5.034054
v 5.502769 4.525706 -5.204935
v 1.9601549728046 4.525706 -12.2375943221783
v 1.91477613880595 4.525706 -12.2282707166574
v 1.99998535139701 4.525706 -12.2253294023706
v 1.99351037235288 4.525706 -12.2371796482884
v 1.78467884210341 4.525706 -12.2397758391346
v 1.76585452039646 4.525706 -12.2334113026401
v -5.5220684528457 4.525706 -12.3091741302851
v -5.52206849674645 4.525706 -12.3091740151139
v -3.57253533609704 4.519895 -9.04008256591803
v -2.09674 4.519895 -9.0400829993169
v -2.09674 4.519895 -9.040083
v -3.57253533628271 4.519895 -9.04008256553146
v -2.09674 4.519895 -8.97490040209802
v -3.5900902336891 4.519895 -9.00353112314437
v 2.04547329930423 4.525706 -12.136907817532
v 2.04586202549657 4.525706 -12.1368959802076
v 2.045345 4.525706 -12.137362
v 2.04791308111145 4.525706 -12.1282709341974
v 2.05567464192379 4.525706 -12.1280514000076
v -0.895461630650309 4.525706 -12.187374
v -0.935680933368886 4.525706 -12.212661292102
v -1.129632 4.525706 -12.187374
v -0.902802922877898 4.525706 -12.2117313441737
v -0.904315747544108 4.525706 -12.216750677273
v -2.08666233419436 4.525706 -12.0872639932113
v -2.0870877232716 4.525706 -12.1031117089653
v 1.26141076918402 4.525706 -5.32674606152629
v 1.24961912469082 4.525706 -5.39369118734281
v 1.24996741944134 4.525706 -5.39369118749199
v 1.24936007595424 4.525706 -5.39369118723185
v -5.98205850796833 4.519895 -5.39369100451428
v -5.97492437843109 4.519895 -5.393691
v -5.97492437759919 4.519895 -5.39369100634107
v -5.9820585085694 4.519895 -5.393691
v -5.97492437915672 4.519895 -5.39369099446898
v -5.98205850909368 4.519895 -5.39369099606241
v -1.79599233952629 4.519895 -12.142314
v -1.55627294024354 4.519895 -12.142314
v -2.01058081590977 4.519895 -12.2337867069135
v -1.80389994482081 4.519895 -12.142314
v -2.01073761745131 4.519895 -12.2335141815234
v 1.25015481099428 4.525706 -5.39369118757225
v 1.25015421079854 4.525706 -5.39369181773299
v -2.09441586618234 4.525706 -5.03405330353729
v -2.0944158661824 4.525706 -5.03405344906494
v -2.09441591799515 4.525706 -5.03405344906493
v -2.09441580202493 4.525706 -5.03405344906495
v -1.149855 4.525706 -3.747234
v -1.057793 4.525706 -3.977103
v -0.697456 4.525706 -12.142314
v -0.881880567566588 4.525706 -12.142314
v -0.881623173330393 4.525706 -12.1414600032097
v -0.697456 4.525706 -12.1412021535773
v -0.697456 4.525706 -12.1799583536964
v -0.89424428267312 4.525706 -12.183335015753
v -2.09441597869708 4.525706 -5.33643980882356
v -2.094416 4.525706 -5.3267469749245
v -2.09441597509048 4.525706 -5.32674697492451
v -2.094416 4.525706 -5.33643980913586
v -3.01029856258304 4.525706 -5.34986662483514
v -3.67998789172311 4.525706 -5.32674653093285
v 1.97002283216557 4.525706 -5.35969559194664
v 1.97586014012061 4.525706 -5.35975210566035
v 1.96138171936127 4.525706 -5.39369149220614
v 1.94947257767667 4.525706 -5.3936914871052
v 1.98624172642101 4.525706 -5.33286498364477
v 1.98709315453885 4.525706 -5.33342039277868
v -2.07515526361552 4.525706 -5.38158098522551
v -1.522463 4.525706 -5.38158049077344
v -1.522463 4.525706 -5.39369
v -2.09168861045731 4.525706 -5.39369012713804
v -2.0916859750704 4.525706 -5.39197537963839
v -1.522463 4.519895 -5.38158049077344
v -2.07515526361552 4.519895 -5.38158098522551
v -2.0011915754513 4.519895 -5.33507314137928
v -1.522463 4.519895 -5.32805499231175
v -5.9749719140797 4.519895 -5.39332866279213
v -5.98209285341157 4.519895 -5.39343305558649
v -1.433241 4.519891 -12.309184
v -1.129634 4.519891 -12.3091840408463
v -1.129634 4.519891 -12.3149696591214
v -1.129634 4.519891 -12.3091832017767
v 1.3526130070707 4.519895 -5.32674737479931
v 1.43807334581603 4.519895 -5.326747
v 1.43807386570062 4.519895 -5.32674738629692
v 1.35261300514308 4.519895 -5.326747
v 1.438072 4.519895 -5.326746
v 1.35261300015307 4.519895 -5.32674602976304
v 2.01967085120613 4.519895 -12.2437140083252
v 2.079488 4.519895 -12.2428672668435
v 1.98994 4.519895 -12.243714
v 1.34253927952636 4.525706 -1.747229
v 1.102382 4.525706 -1.747235
v 1.102382 4.525706 -1.747229
v 1.438072 4.525706 -9.19147369633985
v 1.438072 4.525706 -9.18940308236703
v -0.351450022569143 4.525706 -10.6996618972035
v -1.66257536920591 4.525706 -11.4071878584967
v -1.49060928587105 4.525706 -11.1378199226289
v -2.17660846791694 4.525706 -11.9465729496377
v -2.14302636856427 4.525706 -12.0164949857118
v -2.27949342019827 4.525706 -12.0164949455996
v -5.496548 4.525706 -9.040082
v -2.09674000078027 4.525706 -12.0164949993169
v -2.09673999930456 4.525706 -8.6804399993169
v -2.09674 4.525706 -8.68048805322496
v -2.09674 4.525706 -8.68044
v -2.094416 4.525706 -8.68044
v -2.07349342877899 4.525706 -8.72789980712411
v -2.09673999032637 4.525706 -8.75122399029407
v -2.09674 4.525706 -8.75122399029407
v -5.999685 4.525706 -1.7472336853754
v -3.44704558637032 4.525706 -2.44643770587892
v -3.201422 4.525706 -2.706164
v -5.999685 4.525706 -1.747229
v -4.10828841717614 4.525706 -1.747229
v -1.69051685383721 4.525706 -11.2139607047488
v -1.48196960641448 4.525706 -10.8019548409325
v -1.4835373288306 4.525706 -10.8628996039892
v -1.68353655778645 4.525706 -11.2622323966794
v -2.004869 4.525706 -9.040083
v 1.88340205057368 4.525706 -8.64862632703192
v 1.84873719442931 4.525706 -8.68044
v 1.52816852821095 4.525706 -5.39369130665155
v 1.528169 4.525706 -5.39369130665175
v 1.528169 4.525706 -5.393692
v 1.528169 4.525706 -5.3554177979424
v 1.50195260686173 4.525706 -5.35516398475529
v -2.08784666668301 4.525706 -12.1313858704352
v 1.73114105064108 4.519895 -12.243724
v 1.55004961705477 4.519895 -12.243724
v 5.38363602071165 4.525706 -8.97313994951944
v 5.4841238164899 4.525706 -8.90911541227539
v 5.53081203531049 4.525706 -8.9082461655361
v 5.3397778036908 4.525706 -8.97313993704473
v -1.129634 4.525706 -12.1873737510167
v -1.433241 4.525706 -12.187374
v -1.433241 4.525706 -12.1495772160618
v -1.129634 4.525706 -12.187374
v -1.433241 4.519895 -12.187374
v -1.129634 4.519895 -12.187374
v -1.129634 4.519895 -12.2181472156661
v -1.433241 4.519895 -12.2267346787284
v 1.99540198669765 4.525706 -5.33884046427557
v 1.99695616460547 4.525706 -5.33985429572845
v 2.00497398742571 4.525706 -5.36003397045901
v 2.00777258488301 4.525706 -5.36006106499243
v -2.094416 4.525706 -12.3091824040391
v -2.094416 4.525706 -12.3091749749245
v 1.98994074366431 4.525706 -5.32674746054321
v 5.43004679374789 4.525706 -5.39369298695514
v 2.079488 4.525706 -8.46866843992279
v 2.079488 4.525706 -5.39369213945263
v 2.079488 4.525706 -8.68044
v 5.481619 4.525706 -5.393693
v -2.094416 4.525706 -5.38148619816414
v -2.09441599545835 4.525706 -5.38148619832094
v -1.48441383542416 4.525706 -10.8969735485302
v -1.43324144441663 4.525706 -10.7975004050996
v 1.46673327884471 4.525706 -5.18443456708068
v 1.45908877180861 4.525706 -5.204934
v 1.351471 4.525706 -5.104835
v 1.496417 4.525706 -5.104835
v -1.433241 4.519895 -12.2431154157949
v -1.43324101942336 4.519895 -12.2431154162021
v -1.43324101950429 4.519895 -12.2428401436617
v -1.433241 4.519895 -12.2428401430678
v -1.433241 4.519895 -12.2437239999967
v -1.43324101924445 4.519895 -12.2437239999968
v 1.26154454016304 4.525706 -5.35283648160509
v 1.2615445781927 4.525706 -5.35283648197327
v 1.26154452397949 4.525706 -5.35283648144841
v -1.491584 4.525706 -12.187374
v -1.43324104692246 4.525706 -12.1495772102203
v -1.43324103581066 4.525706 -12.187374
v -1.491584 4.525706 -12.142314
v -1.43324104905775 4.525706 -12.142314
v -1.462266 4.519891 -12.243724
v -1.52074102270379 4.519891 -12.3091826223506
v -1.51905718730202 4.519891 -12.243724
v -1.433242 4.519891 -12.243724
v -1.52074105270888 4.519891 -12.3091837887902
v -2.09441597509043 4.525706 -5.32674684040388
v -2.094416 4.525706 -5.32674684040387
v -1.433241 4.525706 -10.7974995412057
v 1.34666269038986 4.525706 -5.39369188100413
v -5.999689 4.519895 -12.187373
v -5.999689 4.519895 -12.243723
v -2.094416 4.525706 -12.3200762073653
v -2.08409201390913 4.525706 -11.9915076434211
v -2.07890936825646 4.525706 -12.0516620828989
v -2.08531665405275 4.525706 -12.0371311677084
v -2.09426913944493 4.525706 -12.0116135688138
v -2.094416 4.525706 -12.016495
v 5.5178247693758 4.519895 -12.3761248770838
v 5.91364482358276 4.519895 -12.3761249780533
v 1.52300636467657 4.519895 -12.1811300427528
v 1.55471910364676 4.519895 -12.1804651031477
v 1.496417 4.519895 -12.187374
v 1.467098 4.519895 -12.243724
v 1.43807399969447 4.519895 -12.243724
v 1.438074 4.519895 -12.243714
v 1.438072 4.519895 -12.2437140000066
v 1.438072 4.519895 -12.187374
v 1.496417 4.519895 -12.181687557563
v 5.561113 4.519895 -12.243715
v 5.99968 4.519895 -12.243725
v 5.561113 4.519895 -12.2437248898271
v 2.079488 4.519895 -12.2437140250752
v -5.999688 4.525706 -2.706163
v -5.999685 4.525706 -2.70616300000107
v -5.999685 4.525706 -2.70616300000596
v -5.999687 4.525706 -1.747233
v 1.35110600981744 4.525706 -5.03405390385711
v 1.56112432335541 4.525706 -12.1380399499364
v 1.56751659631235 4.525706 -12.1380310002132
v 1.56691388249733 4.525706 -12.1416780321461
v 1.56061287604426 4.525706 -12.1417348749086
v 1.56815267258076 4.525706 -12.087264
v 1.57590642479184 4.525706 -12.087264
v -1.522464 4.525706 -12.712264
v -1.129634 4.525706 -12.376124855686
v -1.129634 4.525706 -12.712264
v -1.522463 4.525706 -12.376124
v -1.129634 4.525706 -12.376124
v 1.8022157585226 4.525706 -9.04008350292524
v 1.71591423982604 4.525706 -9.04008365946169
v 1.82184569612152 4.525706 -8.99750838043564
v 1.528169 4.525706 -9.115541
v -2.0773528151465 4.525706 -12.055192148819
v -2.07690847167473 4.525706 -12.0561998637094
v -1.66702758307953 4.525706 -11.3763989213293
v -1.48917817858682 4.525706 -11.0821860339702
v 1.67516705297036 4.525706 -11.3141440756884
v 1.67216889006889 4.525706 -11.314928156376
v 1.67406946077758 4.525706 -11.3009220502908
v 1.67709140318866 4.525706 -11.3002417058414
v 1.57794843705098 4.525706 -12.016495
v 1.57696916895725 4.525706 -12.016495
v 5.481619 4.519895 -9.040084
v 5.23181026577266 4.519895 -9.04008392657286
v 5.24221985109047 4.519895 -9.03549406603879
v 5.23181026577266 4.525706 -9.04008392657286
v 2.079488 4.525706 -10.4903116035006
v 2.079488 4.525706 -10.4300258999204
v 5.56111397173907 4.525706 -5.32674794099669
v 5.561114 4.525706 -5.32674794099669
v 5.561114 4.525706 -5.326748
v 1.55525343270083 4.519895 -12.1804538995569
v -5.999687 4.525706 0.252766
v -5.999685 4.525706 0.252763885168132
v -5.999685 4.525706 0.252764484647933
v -3.36004299558084 4.525706 -1.747229
v 1.26141065104941 4.525706 -5.32674606152633
v 1.26141065073371 4.525706 -5.32674600000013
v -2.01058081590977 4.525706 -12.2337867069135
v -2.01073761745131 4.525706 -12.2335141815234
v 1.67768589687241 4.525706 -11.2959468165928
v 1.67465141851354 4.525706 -11.29663335861
v 1.68771972997524 4.525706 -11.2003274669895
v 1.69103672274999 4.525706 -11.1994944570651
v -1.1296322448783 4.519895 -12.2335947786268
v -1.12963216303663 4.519895 -12.2181471637079
v -1.129634 4.519895 -12.233594832073
v 2.04430516390149 4.525706 -5.36041475400927
v 2.02823634120147 4.525706 -5.36025918420678
v 2.04430516390149 4.519895 -5.36041475400927
v 1.98994074366431 4.519895 -5.32674746054321
v 2.079488 4.519895 -5.32674747259059
v 2.079488 4.519895 -5.3607553755324
v 1.88247909694987 4.525706 -8.973139
v 1.54342171582116 4.525706 -8.96064329142798
v 1.98994 4.525706 -8.907681
v 1.52980612542687 4.525706 -8.973139
v 1.528169 4.525706 -8.973139
v -3.92075906763213 4.525706 -12.1692822103044
v -3.5306632716919 4.525706 -12.1846725073163
v 2.07948899999995 4.519893 -2.70616512329591
v 1.80057574548109 4.519893 -3.88384500312389
v 2.07948897079949 4.519893 -2.7061651232959
v 2.07948846128074 4.519893 -3.9602436507457
v 1.52817027241871 4.519893 -5.03404662735442
v 2.07948800000315 4.519893 -5.03404667329999
v -1.433241 4.525706 -12.142314
v -5.496548 4.525706 -8.680439
v -3.74526441198767 4.525706 -8.68043951476062
v -3.74526441181867 4.525706 -8.6804395151125
v -5.17411166288413 4.525706 -5.70540486989479
v -5.496548 4.525706 -5.3936911288361
v -5.49654786673211 4.525706 -5.39369112883613
v -5.51433055959658 4.525706 -8.90884099165331
v -5.50561860479006 4.525706 -8.97313801971995
v -5.50561860471951 4.525706 -8.97313802024067
v 5.38363241564888 4.519895 -8.97314153908663
v 5.38363601893543 4.519895 -8.97313995030262
v 1.528169 4.519895 -5.03405369387757
v 1.52816832840511 4.519895 -5.03405369387719
v 1.528169 4.519895 -5.034052
v 1.55711144924804 4.519895 -12.1628349007401
v 1.52711390230361 4.519895 -12.1526926770126
v 1.52225737606869 4.519895 -12.1528405658801
v 1.55711144924804 4.525706 -12.1628349007401
v 1.52711390230361 4.525706 -12.1526926770126
v 1.55817424130008 4.525706 -12.1550027384536
v -1.87794710177772 4.525706 -12.1006046463211
v -1.96311414800661 4.525706 -12.1196673745984
v -1.87764909662233 4.525706 -12.100331152079
v -1.96318703289427 4.525706 -12.1197951225478
v -2.063211 4.525706 -12.142314
v 2.045345 4.519895 -8.973139
v 5.3397778036908 4.519895 -8.97313993704473
v 5.33977780148875 4.519895 -8.97313993802145
v 2.045345 4.519895 -8.9731390155145
v -5.51317711075561 4.519895 -8.90768001806768
v -5.95451878502902 4.519895 -5.39369101156621
v -5.496548 4.519895 -5.3936911288361
v -5.496548 4.519895 -8.680439
v -5.517697 4.519895 -8.851323
v -5.517697 4.519895 -8.751223
v 1.56308376334979 4.519895 -12.1648541507109
v 1.56052398929386 4.519895 -12.1803433887044
v 1.55766626909156 4.519895 -12.1630224863115
v 1.56449712923353 4.525706 -12.1563018488019
v 1.55766626909156 4.525706 -12.1630224863115
v 1.5587597030776 4.525706 -12.1551230283372
v 1.56308376334979 4.525706 -12.1648541507109
v -2.094416 4.525706 -5.20402977824191
v -5.41447741050223 4.525706 -5.204934
v -5.46177510904741 4.525706 -5.10645440975264
v -2.094416 4.525706 -5.204934
v -1.491584 4.519895 -12.187374
v -1.4332410242391 4.519895 -12.226734679414
v -1.51868232589676 4.519895 -12.2291513694836
v -1.51644855085412 4.519895 -12.142314
v -1.491584 4.519895 -12.142314
v -1.43324103581066 4.519895 -12.187374
v 1.83719824373765 4.525706 -12.1745421972758
v 1.79314292792901 4.525706 -12.2032797687524
v 2.02994372702366 4.525706 -12.1705007896363
v -0.864981 4.525706 -4.140152
v 1.98993972160529 4.525706 -5.32674746054307
v -1.47779226988747 4.519895 -5.3274001205139
v -1.50632336000058 4.519895 -5.38158047633452
v -1.5143027657567 4.519895 -5.38158048347309
v -1.433241 4.519895 -5.326747
v 1.261692 4.519895 -5.381578
v 1.26154452397949 4.519895 -5.35283648144841
v 1.75340397218312 4.525706 -12.2292017502476
v 1.67030609537204 4.525706 -12.1780415228727
v 1.60607146309324 4.525706 -12.1793883680967
v 1.7010359001653 4.525706 -11.102195
v 1.704504802905 4.525706 -11.102195
v 1.528169 4.525706 -11.102195
v 1.49829822234339 4.525706 -11.2478976627881
v -5.49654806746834 4.525706 -5.39369088762237
v -5.496548 4.525706 -5.39369088762235
v -5.496548 4.525706 -5.393691
v -5.496548 4.525706 -5.38631498005276
v -5.50093771704506 4.525706 -5.386379333196
v -1.129634 4.525706 -12.964324
v -1.129633 3.955057 -12.712264
v -1.129634 3.955057 -12.964324
v -1.129634 3.955057 -12.712264
v 5.53790261265494 4.525706 -8.88526188282649
v 5.55139933298183 4.525706 -8.89829850345965
v 5.532087 4.525706 -8.907684
v 5.55139933298183 4.519895 -8.89829850345965
v 5.53790261265494 4.519895 -8.88526188282649
v 5.99968 4.519895 -8.680441
v 1.35110600939895 4.525706 -5.03405382549144
v 1.35110600940083 4.525706 -5.03405382549144
v -0.697456 4.525706 -11.6740405199284
v -0.697456 4.525706 -11.7467703023559
v -0.697456 4.525706 -11.6544537019712
v -1.12963229853775 4.519895 -12.243723000001
v -1.129634 4.519895 -12.2367495096877
v -1.12963226159191 4.519895 -12.2367494732375
v -1.129634 4.519895 -12.2437230000066
v 2.079488 4.519895 -5.39369154279362
v 2.07948729911375 4.519895 -5.39369154279332
v 2.078477 4.519895 -5.39303249789686
v 2.078477 4.519895 -5.381577
v 2.079488 4.519895 -5.393692
v 5.999681 4.519895 -5.034047
v 5.99967966472325 4.519895 -5.03404699999989
v 1.496417 4.525706 -5.11413597491537
v 1.496417 4.525706 -5.204934
v 1.46815536483369 4.525706 -5.18541665272231
v -1.129633 4.525706 -12.3091830483545
v -1.12963264534595 4.525706 -12.3091830483534
v -5.999688 4.519895 -5.104834
v -5.96292667144795 4.519895 -5.32674691322631
v -5.97131538584113 4.519895 -5.32674693302754
v -5.999688 4.519895 -5.034051
v -5.517696 4.519895 -5.104834
v -5.496548 4.519895 -5.034053
v -5.517696 4.519895 -5.204934
v -5.496548 4.519895 -5.204934
v -5.496548 4.519895 -5.261288
v -5.576039 4.519895 -5.261288
v -5.576042 4.519895 -5.326746
v -2.09674 4.525706 -8.851324
v -1.88030426248817 4.525706 -8.68043962564802
v -2.09674 4.525706 -8.907681
v -1.93133790674566 4.525706 -8.68043971487501
v -1.522463 4.525706 -8.30473300149028
v 1.528169 4.519892 -12.376124
v 1.52816900987478 4.519892 -12.3761239272286
v 1.52816901007294 4.519892 -12.3761239272286
v 1.52816899807331 4.519892 -12.3761239272286
v -1.52246236630266 4.519891 -12.3761235245601
v -1.52246298776994 4.519891 -12.37612352456
v -1.52077815393627 4.519891 -12.3106260884529
v -1.52246242117525 4.519891 -12.376123565729
v -1.52246298882896 4.519891 -12.3761235657289
v 1.260785718829 4.525706 -5.2049339897742
v 1.26045530038783 4.525706 -5.1405318589906
v 2.079488 4.519892 -12.376124
v 2.079488 4.519892 -12.712264
v 2.079488 4.525706 -12.712264
v 2.079488 4.525706 -12.376124
v 5.481618 4.525706 -12.712265
v -2.094416 4.525706 -5.393692
v -2.094416 4.525706 -5.39369012774721
v -2.0944159999993 4.525706 -5.39369012774721
v 1.70989683699486 4.525706 -12.1378316558238
v 1.90179733109829 4.525706 -12.1324037888617
v -2.08619404438368 4.525706 -12.069818026196
v -2.08622001296363 4.525706 -12.0707854762214
v 5.999681 4.525706 -1.747236
v -2.09441597447974 4.525706 -5.32510558191079
v -2.094416 4.525706 -5.32510558144301
v 1.438074 4.525706 -5.261287
v 1.35227606470589 4.525706 -5.26128704936807
v 1.35227606445178 4.525706 -5.261287
v 1.438072 4.525706 -5.326746
v 1.26141068859708 4.525706 -5.32674736252926
v 1.26141065772501 4.525706 -5.32674736252925
v 1.26141065586483 4.525706 -5.326747
v -2.09673999121935 4.525706 -12.0872639902941
v -2.094416 4.525706 -12.0846951032338
v -2.094416 4.525706 -12.0853587703095
v -1.522464 4.519891 -12.712264
v -2.094416 4.519891 -12.712264
v -1.522463 4.519891 -12.376124
v 1.77160943933527 4.525706 -8.751224
v 1.94753897415959 4.525706 -8.751224
v 2.045345 4.519895 -11.217335
v 2.045345 4.519895 -11.212765
v 2.078477 4.519895 -11.212765
v 2.078477 4.519895 -11.102195
v 1.73870036407826 4.519895 -11.102195
v 1.82165799832573 4.519895 -10.6002168909333
v 2.079488 4.519895 -12.016495
v 2.045345 4.519895 -12.016495
v 2.079488 4.519895 -10.4903116035006
v 1.70780687773506 4.525706 -11.2891320311451
v 2.045345 4.525706 -11.217335
v 1.70708689209536 4.525706 -11.2934886769589
v 2.045345 4.525706 -11.212765
v -1.12963299999776 4.525706 -12.3761235764117
v -1.129632999998 4.525706 -12.37612362165
v -1.433241 4.525706 -10.9896502232954
v -0.665901587043866 4.525706 -9.84599652222747
v 0.611246043555931 4.525706 -7.60749419095632
v 1.528169 4.525706 -6.409201
v 1.528169 4.525706 -6.09064598294141
v 5.99968 4.519895 -8.751225
v 5.5578955762104 4.519895 -8.90457329144225
v 5.55364728147917 4.519895 -8.90046981997603
v 5.99968 4.519895 -8.851325
v 5.561114 4.519895 -8.907682
v -0.98601761304105 4.525706 -12.4878256319063
v -0.95235079303496 4.525706 -12.376124
v -0.697456 4.525706 -12.376124
v -5.61316024116138 4.519895 -12.3091747885243
v -5.60514971331275 4.519895 -12.3137737492
v -2.09441500000278 4.519892 -2.70617147282838
v -2.06523265988102 4.519892 -2.82493833661372
v -2.09441504122034 4.519892 -2.81694481626698
v -2.09441475430433 4.519892 -2.706165
v -2.094415 4.519892 -2.706165
v -1.522462 4.519892 -2.706165
v -1.52246211488825 4.519892 -2.97361185796077
v -5.496548 4.519895 -9.040082
v -3.6046867458552 4.519895 -8.97313940047345
v -5.496548 4.519895 -8.97313987405193
v 1.496417 4.519895 -12.1536274460014
v 1.496417 4.519895 -12.1438698901687
v 1.50066358079092 4.519895 -12.1437497764833
v 1.52220955915958 4.519895 -12.1510345099133
v 1.25990900924971 4.519895 -5.03405380364211
v -1.52246233494617 4.519895 -5.03405352456003
v -1.52246250399677 4.519895 -5.03405313703082
v 1.25990900970191 4.519895 -5.03405389181955
v -1.491586 4.519895 -5.104834
v 1.260272 4.519895 -5.104835
v -2.0773829324533 4.525706 -12.0551238465699
v -1.66733335970401 4.525706 -11.3742843469747
v -5.98205863645122 4.519895 -5.39369100451425
v -5.98205863705229 4.519895 -5.393691
v -5.99061739222326 4.519895 -5.39369100232266
v -5.99061739253797 4.519895 -5.393691
v 2.079488 4.525706 -5.034054
v 2.045345 4.519895 -8.97313904145281
v 5.20098037532182 4.519895 -9.03470339292556
v 2.045345 4.519895 -8.97420126480871
v 5.33977426579913 4.519895 -8.97314150627292
v -5.517696 4.525706 -5.204934
v -5.496548 4.525706 -5.10544680185035
v -5.496548 4.525706 -5.204934
v -5.517696 4.525706 -5.104834
v -2.094416 4.525706 -5.20338089245332
v -2.094416 4.525706 -5.03405344906492
v 5.56110242494529 4.525706 -12.3091839062194
v 5.52503521342994 4.525706 -12.3091838162704
v 2.02984577555451 4.525706 -12.1373837002262
v 2.045345 4.525706 -12.1369117244478
v 1.89387116931244 4.525706 -12.1375740761852
v 2.045345 4.525706 -12.1283435718563
v -2.08818565519389 4.525706 -12.1440147644328
v -2.08815933303872 4.525706 -12.1430341420911
v -2.08233301680309 4.525706 -12.1428659634977
v -2.08198410466485 4.525706 -12.1435924412221
v -2.094416 4.525706 -12.1432147429041
v -2.094416 4.525706 -12.1444390485228
v -5.576039 4.525706 -5.261288
v -5.496548 4.525706 -5.261288
v -5.496548 4.525706 -5.2627450570583
v -2.01844786578358 4.519895 -5.33532611816846
v -2.09167 4.519895 -5.381581
v -2.09167 4.525706 -5.381581
v -2.01844786578358 4.525706 -5.33532611816846
v -5.576043 4.525706 -12.309174
v -5.53674109589799 4.525706 -12.3091740948679
v -5.53674114624407 4.525706 -12.3091740110053
v 5.18884976195475 4.519895 -9.04008391394534
v -5.576043 4.519895 -12.309174
v -2.27949341949963 4.519895 -12.016494946246
v -2.14302636824066 4.519895 -12.0164949863856
v -5.517697 4.519895 -12.087263
v -5.496549 4.519895 -12.016494
v 3.7162600665932 4.525706 -12.3091793053167
v 3.71614653539357 4.525706 -12.309175
v 5.5071378836858 4.525706 -12.309175
v 5.50713454013222 4.525706 -12.3091837716274
v 2.079488 4.525706 -12.3091752233262
v 2.079488 4.525706 -12.309175
v -1.129634 4.525706 -12.142314
v 0.869741 4.525706 -4.140153
v 1.25990664519575 4.525706 -5.03404660499793
v 1.25990467488754 4.525706 -5.03404660499777
v 1.25990799264788 4.525706 -5.03404660499805
v 1.062556 4.525706 -3.977103
v -2.094416 4.525706 -12.2437239827723
v -3.55234667318489 4.525706 -12.2437235677768
v -5.547017 4.525706 -12.243723
v 1.25990900792632 4.525706 -5.03405354492496
v 1.27888339684921 4.525706 -5.03405355546058
v 1.27888347379499 4.525706 -5.034052
v -5.50533025366502 4.519895 -8.97313987625034
v -5.50510686596513 4.519895 -8.97313987619442
v -5.50510710323876 4.519895 -8.97313802038768
v -5.50533049714729 4.519895 -8.97313802032347
v 5.56110706244479 4.525706 -12.2437248898256
v 5.532086 4.525706 -12.243725
v 2.079488 4.525706 -12.2437240172277
v 2.079488 4.525706 -12.2437240152041
v 5.561113 4.525706 -12.2437248898271
v -0.907352447838475 4.525706 -12.2268260089625
v -0.908948739161688 4.525706 -12.2321222723389
v -0.929699996092179 4.525706 -12.243724
v -0.912445494493355 4.525706 -12.243724
v -5.50533049714729 4.525706 -8.97313802032347
v -5.50510710330582 4.525706 -8.97313801986318
v -5.50510710323876 4.525706 -8.97313802038768
v -5.50533049721589 4.525706 -8.97313801980063
v -5.51332536339767 4.525706 -8.90885990325564
v -5.51376433862924 4.525706 -8.90885164444505
v 2.048284 4.525706 -5.104835
v -2.14107273718631 4.525706 -12.1445615054405
v -2.19807760037705 4.525706 -12.0918207114768
v -5.96348765382055 4.519895 -5.38797058206856
v -5.95539780329985 4.519895 -5.38669221512279
v -5.97542732790067 4.519895 -5.38985730230501
v -5.98370688319358 4.519895 -5.32674696227719
v -5.999685 4.525706 0.25276518402726
v -5.999685 4.525706 0.252765142521624
v -5.999685 4.525706 0.252766
v -1.80525984402277 4.519895 -12.142314
v -2.01076545398086 4.519895 -12.2334658008697
v -1.50250090107252 4.525706 -11.6001030815378
v -2.094416 4.525706 -12.0834052690021
v -2.094416 4.525706 -12.0834194509998
v -2.09673999418911 4.525706 -12.0872639902941
v -2.094416 4.525706 -12.0833822265555
v -2.09441586617975 4.519892 -5.03404632545629
v -1.5224643824997 4.519892 -5.03404637312143
v -2.09441599999713 4.519892 -5.03404632545628
v -2.09441504758812 4.519892 -2.81694481452274
v -2.094416 4.525706 -12.0826237350597
v -2.08610755145484 4.525706 -12.066595763509
v -2.094416 4.525706 -12.0827464157953
v -2.08609163243632 4.525706 -12.066002706249
v -2.07868588566747 4.525706 -12.0521689131934
v -1.5143027657567 4.525706 -5.38158048347309
v 2.02577485353062 4.525706 -5.39369212586623
v 2.078477 4.525706 -5.492148
v -5.51347621728965 4.525706 -8.90768001798171
v 5.561113 4.519895 -12.243725
v 5.999681 -4.29535 -2.706166
v 5.999681 -4.29535 -1.747236
v -1.92339450254174 4.519895 -12.142314
v -2.01489498175112 4.519895 -12.2262885680716
v 2.079488 4.519895 -12.1873740090329
v -2.09673999513895 4.525706 -12.0872639902941
v -2.09673999500694 4.525706 -12.0872639902941
v -0.86498 4.525706 -4.140152
v -0.697456 4.525706 -11.83483499907
v -0.697456 4.525706 -11.8333158521118
v -0.697456 4.525706 -11.9346333472891
v 1.48261626577546 4.519895 -5.326747
v 1.528169 4.519895 -5.326747
v -2.09441302246419 4.525706 -5.39369012774654
v 1.72398808729564 4.525706 -11.1912192464891
v 1.73870036407826 4.525706 -11.102195
v 2.078477 4.525706 -11.102195
v 2.079488 4.525706 -12.3091844725907
v 3.71640213493408 4.525706 -12.3091846928155
v -1.52246306279749 4.519891 -12.3761235657289
v -2.09441526308578 4.519891 -12.3761234490651
v -1.52246306875069 4.519891 -12.37612352456
v -2.0944153102269 4.519891 -12.3761234843089
v -2.0944153102269 4.525706 -12.3761234843089
v -2.09441565124543 4.525706 -12.3761234843089
v -2.0944158661825 4.525706 -5.03405373279499
v -2.0944159291873 4.525706 -5.20338089597775
v 1.52816952615243 4.525706 -3.80922858880655
v 1.52816952615243 4.519893 -3.80922858880655
v 1.52817 4.519893 -2.706165
v -0.935036591352808 4.525706 -12.3186779869016
v -1.12963253811291 4.525706 -12.3149696869798
v -1.129632494415 4.525706 -12.3091840408465
v -0.932175128425512 4.525706 -12.3091840674117
v -0.943668883612395 4.525706 -12.3473186821711
v 1.44372643130685 4.525706 -9.1867082078619
v 1.528169 4.525706 -10.663775081935
v 1.48335928287449 4.525706 -10.6836503856471
v 1.528169 4.519895 -9.115541
v 1.528169 4.519895 -10.663775081935
v -1.47735215187196 4.519895 -5.326747
v -1.47735214469683 4.519895 -5.32674698935234
v -2.063211 4.525706 -8.751224
v -2.09674 4.525706 -8.751224
v -2.02619144644467 4.525706 -8.6804398807165
v 5.50713409716227 4.525706 -12.3091849337345
v 5.52180748750469 4.525706 -12.3091838082207
v 5.50390719280703 4.525706 -12.3176505384075
v 1.52816806688027 4.525706 -5.39369130665135
v 1.47965281405174 4.525706 -5.35764235811967
v 1.49322572787567 4.525706 -5.35507949575036
v -1.43324105354338 4.525706 -12.1270561307381
v -1.433241 4.525706 -12.1422323148613
v -1.43324104908177 4.525706 -12.14223231493
v 1.50063094083875 4.525706 -11.3360049920992
v -5.999689 4.519895 -12.087263
v 1.53743583973994 4.519892 -12.3091761896939
v 1.53923153591728 4.519892 -12.3091843999064
v 1.53743470332513 4.519892 -12.3091843996646
v 1.53923289352978 4.519892 -12.3091761849692
v 1.63078882930457 4.519892 -12.3091844122242
v 1.63080181093385 4.519892 -12.3091759442223
v 1.91249599512329 4.525706 -5.32674685966933
v 1.64327789369679 4.525706 -5.32674637183873
v 2.079488 4.525706 -12.3108920078684
v 3.87901102498156 4.525706 -12.345396354066
v 1.99043340406625 4.525706 -12.3091844606096
v 1.98995265400338 4.525706 -12.3091844605449
v 1.70496102350386 4.525706 -11.3063523453285
v 2.045345 4.525706 -12.016495
v 1.58760181292136 4.525706 -12.016495
v -5.999689 4.519895 -12.016494
v -5.999688 4.519895 -9.040083
v -0.747124445045524 4.525706 -11.6952127058401
v -0.768900245372184 4.525706 -11.7674616569473
v -3.60468715335044 4.525706 -8.97313855201855
v -5.496548 4.525706 -8.97313802284769
v -5.496548 4.525706 -8.9731380222599
v -3.60468714634971 4.525706 -8.97313856659492
v -3.60468714634971 4.519895 -8.97313856659492
v -5.496548 4.519895 -8.97313802284769
v 2.045345 4.519895 -12.0387667028562
v 5.561114 4.519895 -5.32674794099669
v 5.58246048491695 4.519895 -5.32674794386857
v -5.57604000006111 4.525706 -8.90768200000944
v -1.43324138792672 4.525706 -10.9896508650352
v -5.51347621728965 4.519895 -8.90768001798171
v -5.96275627022385 4.519895 -5.39369100945689
v 1.22521543027887 4.519895 -12.187374
v -0.697456 4.519895 -12.243721
v -0.697456 4.519895 -12.2276877799858
v 0.388213065520097 4.519895 -12.187374
v -0.697456 4.519895 -12.2204343317714
v -5.51391804635974 4.519895 -8.90768001785473
v -2.09674 4.525706 -12.0872639902941
v -2.09674 4.525706 -12.0165430430418
v 1.528169 4.525706 -10.7253225516782
v 1.528169 4.525706 -10.6731169782421
v -5.57604 4.519895 -12.243713
v -5.56839768230581 4.519895 -12.2363330541815
v -5.98205863757657 4.519895 -5.39369099606243
v 1.77099896316445 4.519895 -10.6218113360495
v 1.704504802905 4.519895 -11.102195
v 1.7659286979536 4.519895 -10.6239726398223
v 1.7010359001653 4.519895 -11.102195
v -1.6810744643564 4.525706 -11.2792588114182
v -1.66782924871793 4.525706 -11.3708550652455
v -2.07743166704551 4.525706 -12.055013322668
v 1.95516290101897 4.525706 -5.35955172598977
v 1.93460153250904 4.525706 -5.3936914807356
v -5.57604 4.525706 -8.90768
v 1.77396654459947 4.519895 -10.5647383622947
v 1.77921954301902 4.519895 -10.5624221768372
v 1.528169 4.519895 -10.6731169782421
v 1.528169 4.519895 -10.7253225516782
v -5.98209298165323 4.519895 -5.39343305746651
v -2.09441599999713 4.525706 -5.03404632545628
v -2.09441504758853 4.525706 -2.81694481452263
v -2.09441504758812 4.525706 -2.81694481452274
v -2.49884630106498 4.525706 -2.70616463466238
v 1.34666302585002 4.525706 -5.39369122890881
v 1.352895 4.525706 -5.381577
v 1.87430133874116 4.525706 -5.393692
v 1.87430128878956 4.525706 -5.39369208755196
v -5.95460180049403 4.519895 -5.39303003743113
v -5.50515681012646 4.519895 -5.38644118499615
v -5.96282536479951 4.519895 -5.39315059468031
v 5.48596056582184 4.525706 -12.0310264510944
v 5.48629023057355 4.525706 -12.0321295264993
v 2.92189729594705 4.525706 -12.1102193274372
v 1.99559581567238 4.525706 -8.18030764639992
v 2.045345 4.525706 -8.47689280325184
v 2.045345 4.525706 -8.50000317939568
v 2.045345 4.525706 -8.68044
v 1.90328974444736 4.525706 -8.68044
v 1.91067124673256 4.525706 -5.39369147048575
v 1.87430164973621 4.525706 -5.39369145490786
v -1.45425747486498 4.525706 -5.204934
v -1.491586 4.525706 -5.11269264344717
v -1.491586 4.525706 -5.104834
v -1.45536889595004 4.525706 -5.204934
v -1.491586 4.525706 -5.204934
v 5.99968 4.519895 -12.309185
v -0.697456 4.525706 -12.243724
v -0.803392583188568 4.525706 -12.2299090144827
v -0.697456 4.525706 -12.243721
v -0.842245381042774 4.525706 -12.224843396307
v -1.68489063907314 4.525706 -11.6320150794056
v -2.07419808465699 4.525706 -12.0623466792472
v -1.46858981455172 4.525706 -11.9929843564375
v -1.51315080430013 4.525706 -12.014115040613
v -1.51311526795413 4.525706 -12.012733575269
v -1.46077827814798 4.525706 -11.9910226134397
v -1.49374017225821 4.525706 -12.0134728600821
v -1.51324781769788 4.525706 -12.0178864088595
v 1.26141065069017 4.525706 -5.32674599151476
v 1.26107477311441 4.525706 -5.26128700000017
v -1.433242 4.525706 -5.261289
v 2.045345 4.525706 -8.68458491221824
v 1.91571822469647 4.525706 -8.70032142057329
v 2.045345 4.525706 -8.751224
v 1.35074641678195 4.525706 -5.03405359536286
v -5.3842314001449 4.525706 -5.26790989096774
v -5.496548 4.525706 -5.32674601918847
v -5.496548 4.525706 -5.26403231636345
v -5.3559736154194 4.525706 -5.32674605312067
v -5.496548 4.525706 -5.3267460222599
v -5.35597361133566 4.525706 -5.32674606162352
v 1.26141065104941 4.519895 -5.32674606152633
v 1.26141065586483 4.519895 -5.326747
v 2.079488 4.525706 -12.2437140250752
v 5.561113 4.525706 -12.243715
v 2.048284 4.525706 -12.087264
v 2.04587494559014 4.525706 -12.1283285824516
v 2.079488 4.525706 -12.016495
v 2.079488 4.525706 -12.1065872821649
v -0.697460478644521 4.525706 -12.3091816937294
v -0.697456 4.525706 -12.3091816937154
v -0.697456 4.525706 -12.309182065523
v -0.697462879021532 4.525706 -12.3091820655411
v -0.697456 4.525706 -12.309181
v -1.522463 4.519895 -5.32674697846336
v -1.522463 4.519895 -5.326747
v 1.35074637225067 4.525706 -5.03404661256831
v 1.3426112164558 4.525706 -3.75840120406302
v 1.35110596413752 4.525706 -5.03404661259828
v 1.35074640660786 4.525706 -5.034052
v 1.351106 4.525706 -5.034052
v -0.952350672418499 4.525706 -12.3761235998121
v -0.952350686606846 4.525706 -12.3761236468869
v -0.932174711052893 4.525706 -12.3091826826298
v -0.932174634738668 4.525706 -12.3091824294303
v -0.697476006737769 4.525706 -12.3091840989873
v -1.12963663801348 4.525706 -12.243724
v -1.129634 4.525706 -12.243724
v -1.129634 4.525706 -12.3091830000033
v -1.433241 4.525706 -12.309184
v -1.129634 4.525706 -12.2437234312191
v -2.14302636824066 4.525706 -12.0164949863856
v -2.09674 4.525706 -12.016495
v -2.27949341949963 4.525706 -12.016494946246
v 1.35110640977715 4.525706 -5.03404661259832
v 1.52816900000231 4.525706 -5.03404662735431
v 1.26141065772501 4.519895 -5.32674736252925
v -3.7112683229111 4.519895 -8.75122352804776
v -2.09674 4.519895 -8.75122399029407
v -2.09674 4.519895 -8.751224
v -3.71126832537262 4.519895 -8.75122352292256
v -2.09674 4.519895 -8.68048805322496
v -3.72903129253739 4.519895 -8.7142388538632
v 4.42531447573118 4.525706 -12.3360679827287
v -1.81095830293634 4.525706 -11.8529783828595
v -2.07211324488787 4.525706 -12.0670748326079
v -2.08635417806893 4.525706 -12.0757837485484
v -2.08643558066624 4.525706 -12.0788163727807
v 1.45908877180861 4.519895 -5.204934
v 2.079488 4.525706 -12.2471098286612
v 1.9902036999947 4.525706 -12.243724
v 2.018965 4.525706 -12.243724
v 1.98994 4.525706 -12.309175
v 1.98994 4.525706 -12.243724
v 1.54649565737621 4.519895 -12.243724
v 1.54613513279224 4.519895 -12.243724
v 1.53743600441601 4.519892 -12.309175
v 1.53725370260051 4.519892 -12.309175
v 1.438072 4.525706 -11.2630225196478
v -0.697456 4.525706 -11.7993263763922
v 1.5862947872779 4.525706 -12.0244038352381
v 1.57702822996423 4.525706 -12.0231429890896
v -5.50561835322887 4.519895 -8.97313987632246
v -5.50546122766303 4.519895 -8.97313987628313
v -5.52206487983371 4.519895 -8.97313988043942
v 2.079488 4.519895 -8.68044
v -3.68552007341345 4.525706 -8.80483453107982
v -3.7112683229111 4.525706 -8.75122352804776
v 1.35110600981744 4.519895 -5.03405390385711
v 1.496417 4.519895 -5.104835
v 1.351471 4.519895 -5.104835
v 1.35110600941334 4.519895 -5.03405382549144
v 2.04715991453445 4.525706 -12.1701398077314
v 2.079488 4.525706 -12.1694619657953
v -1.52246240140571 4.519895 -5.03405352456002
v -1.491586 4.519895 -5.11269264344717
v -1.522463 4.519895 -5.03405352455994
v -1.491586 4.519895 -5.204934
v -1.45536889595004 4.519895 -5.204934
v -1.433242 4.519895 -5.261289
v -1.53214284890043 4.519891 -12.3091837612682
v -1.53214303955219 4.519891 -12.3091824428309
v 2.045345 4.525706 -9.115541
v 1.97949518948418 4.525706 -9.115541
v -1.43324147140849 4.525706 -10.7056875556847
v -5.517697 4.525706 -12.1062788420433
v -4.33756297820484 4.525706 -12.1528382084818
v -5.517697 4.525706 -12.187373
v -5.517697 4.525706 -12.087263
v -2.20300275347994 4.525706 -12.0872639689377
v -2.19974474319269 4.525706 -12.0902782740281
v 1.438072 -4.29535 -12.309175
v -0.697456 -4.29535 -12.3091816937154
v -0.697456 -4.29535 -12.309181
v 1.438072 4.519891 -12.309175
v -0.697456 4.519891 -12.3091816937154
v 5.5218127756967 4.525706 -12.309175
v -2.094416 4.525706 -12.376124
v -2.09441599613684 4.525706 -12.3761238560794
v -2.09441590266853 4.525706 -12.3761238560794
v -2.094416 4.525706 -12.3761238560794
v 2.02433388908427 4.525706 -12.1375515458444
v 1.89207662741221 4.525706 -12.1387446676378
v 1.496417 4.525706 -12.181687557563
v 1.438072 4.525706 -12.1829109114113
v 1.22521543027887 4.525706 -12.187374
v 0.388213065520097 4.525706 -12.187374
v 1.261411 4.525706 -5.326746
v 1.26111617498392 4.525706 -5.26930864664423
v -5.54701625176885 4.519895 -8.90768000834183
v -5.51448786628704 4.519895 -8.90768001769095
v -5.9912254963944 4.519895 -5.39369100216694
v -5.99122549666833 4.519895 -5.393691
v -5.9824219194143 4.519895 -5.39096259523562
v -5.98242179348485 4.519895 -5.39096257533611
v 2.02017534490414 4.525706 -5.39369151738872
v 1.52817159667357 4.519895 -5.03405369387901
v -5.999685 -4.29535 -2.70616300000107
v -3.201422 -4.29535 -2.706164
v -5.496548 -4.29535 -2.706164
v -5.496548 4.519895 -2.706164
v -5.999685 4.519895 -2.70616300000596
v -5.999685 4.519895 -2.70616300000107
v 5.48161815691465 4.525706 -12.3761248678478
v 5.48161807934021 4.525706 -12.3761248678478
v 5.52143694032297 4.525706 -12.3425898335792
v 5.481618 4.525706 -12.376125
v 1.35261295064767 4.525706 -5.32674602976306
v 1.35261300015307 4.525706 -5.32674602976304
v -2.08619223634659 4.525706 -12.0697506684301
v 2.05153787451635 4.525706 -12.1367231416718
v 1.52466359436348 4.519892 -12.243724
v 1.52639646675257 4.519892 -12.309175
v -1.57225620485741 4.525706 -12.031782982422
v -1.57233267092881 4.525706 -12.03125418728
v -2.09674 4.525706 -8.97490040209802
v -2.03583175944405 4.525706 -8.97373266073002
v -2.09673999937293 4.525706 -9.0400829993169
v -2.09674 4.525706 -9.0400829993169
v -5.96275627143296 4.519895 -5.393691
v -5.9627562724876 4.519895 -5.3936909917512
v 1.26141076114323 4.525706 -5.32674736252927
v 2.078477 4.525706 -5.3936921391969
v 1.81356073580673 4.525706 -8.71272319616077
v -2.09674000069512 4.525706 -8.6804399993169
v -2.09673999999895 4.525706 -8.6804399993169
v -2.094416 4.525706 -7.168300292702
v -5.21880629109895 4.525706 -5.61234519028587
v 1.528169 4.525706 -9.040084
v 1.528169 4.525706 -8.97464147191915
v 2.045345 4.519895 -8.68044
v 2.045345 4.519895 -8.50000317939568
v 2.045345 4.519895 -8.68458491221824
v -1.52246480827459 4.519895 -5.03405313703027
v -1.52246542458138 4.519895 -5.03405352455962
v -1.522463 4.519895 -5.0340531370307
v -1.52246255356291 4.519895 -5.03405313703081
v -5.496549 4.525706 -12.016494
v 5.52832877300556 4.525706 -5.25829882944771
v 5.56016105683205 4.525706 -5.26036857563996
v -5.95451878774877 4.519895 -5.39369098991134
v -1.50632336000058 4.525706 -5.38158047633452
v -1.43324145471359 4.525706 -10.7624752574715
v 1.53923308935951 4.519892 -12.309175
v 1.26141076883966 4.525706 -5.32674599438478
v 5.56111084582165 4.525706 -5.32674789062382
v 5.50299155121497 4.525706 -5.32674793317709
v 5.56111229846239 4.525706 -5.32674794099646
v -2.01943928136979 4.525706 -12.2183904503977
v -2.00487719251394 4.519891 -12.3091826201701
v -1.53190776900646 4.519891 -12.3108094379069
v -2.01775898287534 4.519891 -12.3188133584576
v -2.004867 4.519891 -12.309175
v 1.26141076886846 4.525706 -5.32674600000009
v 1.528169 4.525706 -12.016495
v 1.51917805944391 4.525706 -12.0365340486336
v 1.50125630856042 4.525706 -11.3596252788603
v 1.57608448892683 4.525706 -12.0230145797773
v 1.56736610814476 4.525706 -12.087264
v 1.52052117921325 4.525706 -12.087264
v -2.094416 4.525706 -12.0836236828467
v 5.5029914961374 4.525706 -5.32674798372454
v 1.35261134182594 4.525706 -5.326747
v 1.35261300514308 4.525706 -5.326747
v -0.740569233314038 4.525706 -11.6734634628832
v 1.26154458590575 4.525706 -5.35283648204794
v -2.08618929738471 4.525706 -12.0696411784714
v -2.004869 4.525706 -8.97314049513674
v -2.004867 4.525706 -8.973139
v -2.004869 4.525706 -8.97313899999944
v 5.48161805037354 4.525706 -12.3761248678478
v 5.56100657775332 4.525706 -8.907684
v 5.53188029598117 4.525706 -8.90822627653352
v 5.5578955762104 4.525706 -8.90457329144225
v 5.561114 4.525706 -8.907682
v 1.438072 4.525706 -11.3501587728674
v -1.43324109756826 4.525706 -11.9773054695587
v -1.433241 4.525706 -11.9773054262824
v -1.129634 4.525706 -12.141807239361
v 1.98994 4.525706 -12.243714
v 2.01967085120613 4.525706 -12.2437140083252
v 1.35110600821675 4.525706 -5.03405359556252
v 1.35110600821511 4.525706 -5.03405359556252
v 1.35110600822769 4.525706 -5.03405359556252
v -5.51391804635974 4.525706 -8.90768001785473
v -5.50546147478585 4.519895 -8.97313802028583
v -5.50561860471951 4.519895 -8.97313802024067
v -5.50546147478585 4.525706 -8.97313802028583
v -5.496549 4.519895 -12.712263
v -1.12963200000755 4.525706 -12.243724
v -0.913796470375722 4.525706 -12.2482063422794
v -1.12963249440751 4.525706 -12.3091830483529
v -1.12963245704437 4.525706 -12.2736411242599
v -1.12963200001528 4.525706 -12.243724
v 1.50073527216555 4.525706 -11.339945610989
v -5.50495587150181 4.525706 -8.97313802043115
v -5.50495587156783 4.525706 -8.97313801990553
v -5.5049556384308 4.519895 -8.97313987615656
v -5.50495587150181 4.519895 -8.97313802043115
v -5.38741175662287 4.525706 -5.261288
v -5.38573643958157 4.525706 -5.26477621487804
v -2.09674 4.525706 -12.0164949993169
v -2.094416 4.525706 -12.0119037064714
v -2.09673999965423 4.525706 -12.0164949993169
v -2.09674 4.525706 -9.040083
v -2.094416 4.525706 -9.040083
v 5.999681 4.519895 -5.326748
v -1.89529283908594 4.525706 -12.0007945407213
v -1.59928563436449 4.525706 -11.8448630746219
v -1.85892900251298 4.525706 -12.0831507850397
v -1.95877891635134 4.525706 -12.1120688590201
v -1.61134253115189 4.525706 -11.7614845469594
v -1.50660912727939 4.525706 -11.7598092069252
v -1.50433228379042 4.525706 -11.6712975638396
v 2.079488 4.519895 -10.4192381093729
v 2.079488 4.519895 -10.4300258999204
v 1.83173037409398 4.519895 -10.5392687673781
v -1.522463 4.519895 -5.034052
v -5.99097198643682 4.519895 -5.32674697942619
v -5.99097211727848 4.519895 -5.3267469794265
v -2.0967400007066 4.525706 -8.6804399993169
v 1.78467884210341 4.519895 -12.2397758391346
v 1.7963562753849 4.519895 -12.243724
v 1.76585452039646 4.519895 -12.2334113026401
v 2.04537146269681 4.525706 -12.136910918617
v -0.697456 4.525706 -12.30918409899
v -3.57253533609704 4.525706 -9.04008256591803
v -1.45425747486498 4.519895 -5.204934
v -5.50546122530428 4.519895 -8.97313987628312
v 1.27888374059761 4.525706 -5.03404660657944
v 1.34199591628919 4.525706 -3.75823266351987
v 1.25990934643158 4.525706 -5.03404660499816
v 1.34183654132883 4.525706 -3.75818900817271
v 1.26078561942307 4.525706 -5.204934
v 1.26078561935204 4.525706 -5.20493398615635
v 2.045345 4.525706 -8.9731390155145
v -1.433241 4.525706 -11.9598649786127
v -1.43324110269554 4.525706 -11.9598650083549
v -1.51234461354457 4.525706 -11.9827746042765
v 1.54381800175874 4.519892 -12.3659160535053
v 1.52989981253502 4.519892 -12.365650822801
v 1.98995265400338 4.519892 -12.3091844605449
v -2.04913933499641 4.525706 -12.3091749876029
v -2.09261893446532 4.525706 -12.3091749754277
v -2.09094943237762 4.525706 -12.2469782807963
v -2.00487576285779 4.525706 -12.243724
v 1.52639649901919 4.519892 -12.3091762187178
v 1.52639671557759 4.519892 -12.3091843981796
v 1.5372524271082 4.519892 -12.3091843996401
v 1.53725354109893 4.519892 -12.3091761901732
v 2.048284 4.519895 -8.751224
v 2.045345 4.519895 -8.751224
v 2.048284 4.519895 -8.851324
v 2.045345 4.519895 -8.907681
v -1.62067029983696 4.525706 -11.6969790914471
v -2.063211 4.525706 -12.087264
v 1.35110598595952 4.525706 -5.03404661259828
v 1.30859511104992 4.525706 -5.35329200022999
v 1.35275172676616 4.525706 -5.35371950111876
v 1.26311303900538 4.525706 -5.35285166697739
v 1.52789069981869 4.519892 -12.3656125363277
v 1.52959096550048 4.519892 -12.3656449372857
v -1.51289345113191 4.525706 -12.0041105093916
v -2.09674 4.519895 -8.68044
v -3.74526441181867 4.519895 -8.6804395151125
v -2.00487719251394 4.525706 -12.3091826201701
v -2.004867 4.525706 -12.309175
v -5.999688 4.519892 -8.97314
v -3.66319236852123 4.525706 -8.85132354210112
v 1.93124916556663 4.525706 -5.35932020591075
v 1.89411681262038 4.525706 -5.35896071020146
v 2.04587494559014 4.519895 -12.1283285824516
v 2.045345 4.519895 -12.087264
v 2.048284 4.519895 -12.087264
v 2.045345 4.519895 -12.1283435718563
v -1.433241 4.525706 -12.2437239999967
v -1.433241 4.525706 -12.243724
v -1.129634 4.525706 -12.2437230000066
v -2.09441580749608 4.525706 -12.3761238560794
v -2.09441500000043 4.525706 -2.706165
v -2.09441500000037 4.525706 -2.70616499999972
v -2.09441500000037 4.525706 -2.706165
v -2.09441500000043 4.525706 -2.70616499999967
v -2.094415 4.525706 -2.706164
v -1.87072146509828 4.525706 -12.0939733179997
v -1.9614551825691 4.525706 -12.1167596465406
v 1.64327237492322 4.519895 -5.32674741390363
v 1.528169 4.519895 -5.34848144330934
v 1.528169 4.519895 -5.32674739841801
v 1.64327237492322 4.525706 -5.32674741390363
v 1.91249565824725 4.525706 -5.32674745012401
v 1.528169 4.525706 -5.34848144330934
v 1.60607146309324 4.519895 -12.1793883680967
v 1.75340397218312 4.519895 -12.2292017502476
v 5.481619 4.525706 -8.680441
v 5.502768 4.525706 -8.751225
v 5.502768 4.525706 -8.851325
v 5.59078885110577 4.519895 -5.393693
v 5.481619 4.519895 -8.680441
v 5.481619 4.519895 -5.393693
v 5.502768 4.519895 -8.751225
v 5.502768 4.519895 -8.851325
v -5.496548 4.519895 -8.75078570324668
v -1.129634 4.519891 -12.3091830483577
v -1.129633 4.519891 -12.309183201774
v -1.129633 4.519891 -12.3091830483545
v -1.12963216303663 4.525706 -12.2181471637079
v -1.1296322448783 4.525706 -12.2335947786268
v -5.999688 4.519895 -5.261286
v -5.999688 4.519895 -5.204932
v 2.045345 4.519895 -9.01455848809577
v -1.129634 4.525706 -11.871935712082
v -2.09674 4.519895 -12.0872639902941
v -2.09674 4.519895 -12.087264
v 1.259909 4.519895 -5.034052
v 1.25990900792292 4.519895 -5.03405354492496
v 2.04715991453445 4.519895 -12.1701398077314
v 2.02994372702366 4.519895 -12.1705007896363
v 2.045345 4.519895 -12.142314
v 2.048284 4.519895 -12.187374
v -0.77807761642848 4.525706 -12.3216690613003
v -0.697456 4.525706 -12.323205419785
v 1.260272 4.525706 -5.104835
v 1.25990900970191 4.525706 -5.03405389181955
v 1.95075063742017 4.525706 -5.3267469289878
v 1.95075059490549 4.525706 -5.326747
v 1.9124959150595 4.525706 -5.326747
v 5.55202491408994 4.519895 -12.3168289071851
v 5.52143694032297 4.519895 -12.3425898335792
v -1.49688944046167 4.525706 -12.0148152997705
v -1.51334930378472 4.525706 -12.021831651622
v -1.51326364532528 4.525706 -12.0185017033732
v -1.51644855085412 4.525706 -12.142314
v 2.079488 4.525706 -5.393692
v 5.43004679605128 4.525706 -5.39369298484121
v -2.01076545398086 4.525706 -12.2334658008697
v -2.01489498175112 4.525706 -12.2262885680716
v -1.097553 -4.29535 0.252766
v -5.999649001917 -4.29535 0.252766
v -5.999685 -4.29535 0.252772
v 5.999681 -4.29535 0.252764
v 1.102382 -4.29535 0.252766
v 1.102382 -4.29535 -0.930968867503011
v -1.09755585970518 -4.29535 -0.564293032073673
v 5.999682 -4.29535 0.252771
v -5.999649001917 4.525706 0.252766
v -1.097553 4.525706 0.252766
v -1.09755585970518 4.525706 -0.564293032073673
v 5.43004679605128 4.519895 -5.39369298484121
v 5.43004680360311 4.519895 -5.39369297791051
v -1.12963229854305 4.525706 -12.243724
v -1.12963229853809 4.525706 -12.2437230643677
v -1.129633 4.525706 -12.309183
v -5.99061739281248 4.519895 -5.39369099797406
v 2.079488 4.525706 -12.1358720163603
v 1.97546820782566 4.525706 -5.32583713184276
v -2.09674 4.519895 -8.97313902299803
v 5.561114 4.525706 -5.261289
v -1.53669005525714 4.525706 -12.0231901478084
v -1.57403732017524 4.525706 -12.0194658186098
v -1.57664994450083 4.525706 -12.0013984192247
v 1.26154470706495 4.525706 -5.35283648322094
v -2.09441475430433 4.525706 -2.706165
v -2.094416 4.525706 -5.261288
v -2.09441595073391 4.525706 -5.261288
v -2.09441592942875 4.525706 -5.20402978028684
v -1.129632 4.525706 -12.243723
v -1.12963226159191 4.525706 -12.2367494732375
v -1.12963229853775 4.525706 -12.243723000001
v -2.094416 4.525706 -12.712264
v -5.496549 4.525706 -12.712263
v -2.09674 4.519895 -8.973139
v -2.09393685518306 4.525706 -8.67768657580767
v 2.86485338317786 4.525706 -12.1529947490013
v 2.079488 4.525706 -12.1873740090329
v 3.09953599568191 4.525706 -12.1873743043152
v 3.75820452717939 4.525706 -12.1646378993766
v -2.09086207957393 4.525706 -12.2437239837839
v -2.094416 4.525706 -12.2471097375026
v 2.048284 4.519895 -5.104835
v 2.048284 4.519895 -5.204935
v 1.98994 4.519895 -5.261289
v -2.063211 4.525706 -5.204934
v 1.46041705250072 4.525706 -5.204934
v -1.129633 4.519891 -12.3091840408464
v 1.496417 4.525706 -12.087264
v 1.438072 4.525706 -11.3761492629572
v 1.35261072034396 4.525706 -5.326747374799
v 1.3526130070707 4.525706 -5.32674737479931
v -2.09441598615766 4.525706 -12.3761234843088
v -2.094416 4.525706 -12.3761234843088
v -5.50546147242703 4.519895 -8.97313802028583
v 1.351986 4.519895 -5.204934
v 1.35227606445178 4.519895 -5.261287
v -1.129634 4.519891 -12.3761236216499
v -1.129634 4.519891 -12.3761235764115
v -1.129633 4.519891 -12.3761235764117
v -1.129633 4.519891 -12.37612362165
v -2.094416 4.525706 -12.376123449065
v -1.129633 4.525706 -12.37612362165
v -1.129633 4.519891 -12.376124
v -1.129634 4.519891 -12.376124
v -2.09168861332104 4.525706 -5.3936919904629
v -5.576042 4.519895 -8.973138
v -5.57604000006111 4.519895 -8.90768200000944
v -5.52206559070288 4.519892 -8.97313801551357
v 5.999681 4.519895 -5.204935
v 1.43807399969447 4.525706 -12.243724
v 1.438072 4.525706 -12.243724
v 1.438072 4.525706 -12.2437140613122
v 1.438074 4.525706 -12.243714
v 1.438072 4.525706 -12.309175
v -1.43324101924445 4.525706 -12.243724
v 2.078477 4.519895 -5.393692
v 2.078477 4.519895 -5.39369154236058
v -1.52246299999758 4.519892 -5.03404637312155
v -5.999688 4.519895 -2.706163
v -5.999685 4.519895 -2.70617688017251
v 2.07948800000315 4.525706 -5.03404667329999
v 2.07949870773203 4.525706 -5.03404667330088
v 2.07948846128074 4.525706 -3.9602436507457
v 3.20018886998734 4.525706 -4.2672213923984
v 1.52816824015672 4.519895 -5.03405369387715
v 5.48629023057355 4.519895 -12.0321295264993
v 5.48596056582184 4.519895 -12.0310264510944
v 5.99968 4.519895 -12.016496
v -2.004869 4.525706 -8.97313903834428
v -2.004869 4.525706 -8.9731390000005
v -1.80525984402277 4.525706 -12.142314
v -1.57128018600333 4.525706 -12.0385325645458
v -1.92339450254174 4.525706 -12.142314
v 1.528169 4.519895 -8.080372
v 1.528169 4.519895 -6.409201
v -5.999685 4.525706 0.252764678229931
v 1.98994 4.519892 -12.309175
v -5.5141770896185 4.519895 -8.90768001778027
v -5.496548 4.519895 -8.75122300612218
v -5.496548 4.519895 -8.75122300618219
v 1.48876436616092 4.525706 -9.0108050760363
v 5.561113 4.519895 -12.2477885838355
v 1.50090806070995 4.519895 -5.35362890363839
v 1.48261653270893 4.519895 -5.32674739228954
v 1.49322572787567 4.519895 -5.35507949575036
v 1.47597895640133 4.519895 -5.35491252167379
v -2.094416 4.525706 -8.67815722182018
v -1.12963249440867 4.525706 -12.3091832017727
v 5.999681 4.519895 -2.706166
v 5.99967957804224 4.519895 -5.03404661050306
v 5.481619 4.519895 -2.706167
v -0.739389163236492 4.525706 -11.6695481613073
v -0.697456 4.525706 -11.6509487500992
v -2.10886704215657 4.525706 -12.0876188790772
v -2.10903748492135 4.525706 -12.0872639964052
v -1.433242 4.525706 -12.243724
v 1.25990900924971 4.525706 -5.03405380364211
v 1.50090806070995 4.525706 -5.35362890363839
v 1.52816911156014 4.519892 -12.3761239272286
v 1.35275172676616 4.519895 -5.35371950111876
v 5.48161815691465 4.519895 -12.3761248678478
v 5.481618 4.519895 -12.376125
v -0.697456 4.525706 -12.3761236334569
v 2.02577452910429 4.525706 -5.39369151978697
v -1.53061602102431 4.525706 -12.0218159150008
v 5.481619 4.519895 -5.034054
v -1.98795010748248 4.519895 -5.326747
v -2.00486700000422 4.519895 -5.32674686201944
v -1.98794989453946 4.519895 -5.32674686610294
v -2.004867 4.519895 -5.326747
v -2.00486700000422 4.525706 -5.32674686201944
v -2.004867 4.525706 -5.326747
v -2.00487452774714 4.525706 -5.32674686201762
v -2.094416 4.519891 -12.376124
v -2.09441580749608 4.519891 -12.3761238560794
v -5.51417709428377 4.519895 -8.90768001778027
v -5.496548 4.525706 -2.706164
v 1.438072 4.525706 -10.7037375131535
v -0.697456 4.525706 -11.53042
v -1.129634 4.525706 -11.8426408552651
v -1.31994245505976 4.525706 -11.9270519737887
v -1.129634 4.525706 -11.53042
v 1.95075032233703 4.525706 -5.32674745527066
v -2.09674 4.519895 -12.0165430430418
v 1.57718548580447 4.525706 -12.1415853697576
v 1.528168 4.519892 -12.712264
v -1.129633 4.525706 -12.3761235764117
v 2.078477 4.525706 -5.393692
v 2.02577478615607 4.525706 -5.393692
v 1.52220955915958 4.525706 -12.1510345099133
v 2.41800108604499 4.525706 -2.70616519900009
v 2.07948899999995 4.525706 -2.70616512329591
v 5.481619 4.525706 -2.706167
v 5.481619 4.525706 -4.89214154376873
v -5.49654950388689 4.519895 -5.03404604193017
v -5.496548 4.519895 -5.0340460419303
v -3.67999001371792 4.525706 -5.32674645767392
v -1.53937145689393 4.525706 -12.0243794807327
v -1.53336131995388 4.525706 -12.0230263896572
v 5.481619 4.519895 -5.03404695682589
v 5.481619 4.525706 -5.03404695682589
v 1.438072 4.525706 -11.3540532952519
v 1.50066358079092 4.525706 -12.1437497764833
v -2.0944159297652 4.525706 -5.204934
v 1.64327456695597 4.525706 -5.326747
v 1.6308032584469 4.519892 -12.309175
v 5.502768 4.519895 -12.087265
v 5.502768 4.519895 -12.0976840454619
v 5.502768 4.525706 -12.087265
v 2.045345 4.525706 -8.190944
v 1.88660476405129 4.525706 -12.142314
v 1.55997385329248 4.525706 -12.1417406396731
v 1.55992868894225 4.525706 -12.1420734747935
v 1.52816890206742 4.519892 -12.3761239272286
v 1.52961942487032 4.519892 -12.3656454796191
v 1.26078561942307 4.519895 -5.204934
v 1.26107477311441 4.519895 -5.26128700000017
v -1.129633 4.519891 -12.3149696781778
v 5.561114 4.525706 -8.907684
v 5.561114 4.525706 -8.97314
v 5.50713660246852 4.525706 -8.97313998464706
v -5.49654813344307 4.525706 -5.39369088762238
v -5.49654813344307 4.519895 -5.39369088762238
v -5.496548 4.519895 -5.393691
v -5.95451878648168 4.519895 -5.393691
v -2.09441586618223 4.519892 -5.03405299999977
v -2.094416 4.519892 -5.034053
v 2.078477 4.525706 -5.39369154236058
v 2.078477 4.525706 -5.39303249789686
v 5.4816145151231 4.525706 -12.3761248678469
v 5.48161110770619 4.525706 -12.376124867846
v 1.44024810179244 4.525706 -9.05533087939817
v 1.44367614207684 4.525706 -9.18480877174986
v 1.438072 4.525706 -12.143315133528
v 2.045345 4.519895 -9.040083
v 5.15554660729131 4.519895 -5.32674788643304
v 2.079488 4.519895 -5.32674702507523
v 5.43058514256232 4.519895 -5.39319891731141
v 5.5029914961374 4.519895 -5.32674798372454
v 1.52816901202631 4.519892 -12.3761239272286
v 1.25990900792292 4.525706 -5.03405354492496
v -2.00486899969447 4.525706 -12.243724
v 1.56047589840337 4.525706 -12.1380408577863
v 5.55364728147917 4.525706 -8.90046981997603
v 5.502768 4.525706 -12.0976840454619
v 5.502768 4.525706 -12.1044177739836
v -5.999685 4.519895 -5.034046
v -5.54701625656522 4.519895 -8.90768000834183
v -1.97603487789316 4.525706 -12.142314
v 2.07948897079949 4.525706 -2.7061651232959
v 2.079489 4.525706 -2.706165
v 1.352613 4.519895 -5.326746
v 1.7963562753849 4.525706 -12.243724
v 1.86793953743375 4.525706 -12.142314
v 5.561114 4.519895 -5.326748
v 5.58246049190004 4.519895 -5.326748
v 5.58906160493087 4.519895 -5.37980905331583
v 1.528168 4.525706 -12.712264
v 1.528169 4.525706 -12.376124
v -2.09674 4.525706 -8.97313897427373
v -5.496548 4.525706 -5.33940483089956
v 2.048284 4.525706 -12.187374
v -0.697456 4.525706 -12.2059231476724
v -0.697456 4.525706 -12.2204343317714
v 5.99968 4.519895 -8.907684
v 2.078477 4.525706 -5.381577
v 1.43774780054074 4.525706 -12.243724
v -5.496548 4.525706 -8.75184184322106
v -5.496548 4.525706 -8.75122300618219
v -5.496548 4.525706 -8.85132300618219
v -5.999688 4.519895 -5.261287
v -5.51448786628704 4.525706 -8.90768001769095
v 5.15554660729131 4.525706 -5.32674788643304
v 5.481619 4.519895 -4.89214154376873
v -2.094415 4.525706 -2.706165
v -2.09441500000278 4.525706 -2.70617147282838
v -2.09441586618223 4.519895 -5.03405300000003
v -2.09441580202493 4.519895 -5.03405344906495
v -2.09441586618234 4.519895 -5.03405330353729
v 2.045345 4.525706 -9.01455848809577
v 2.045345 4.525706 -8.97420126480871
v 5.999681 4.525706 -2.706166
v 1.5605685124382 4.525706 -12.1420553775143
v 1.528169 4.519895 -11.102195
v 1.26141065073371 4.519895 -5.32674600000013
v -1.097559999979 4.525706 -1.747229
v 2.04537146269681 4.519895 -12.136910918617
v 2.045345 4.519895 -12.137362
v 2.045345 4.519895 -12.1369117244478
v 5.99968098003842 4.519895 -5.393693
v 1.97061663714592 4.525706 -9.115541
v -5.517697 4.525706 -8.851323
v -5.517697 4.525706 -8.751223
v -2.004869 4.525706 -5.261288
v 5.56110119627476 4.519895 -12.3091849409951
v 5.56110242494529 4.519895 -12.3091839062194
v -2.063211 4.519895 -5.104835
v -2.004869 4.519895 -5.261288
v -2.063211 4.519895 -5.204934
v 5.50713660246852 -4.29535 -8.97313998464706
v 5.561114 -4.29535 -8.97314
v 5.50713660237773 -4.29535 -8.97313998488525
v 1.496417 4.525706 -12.187374
v 1.438072 4.525706 -12.187374
v 2.048284 4.525706 -8.751224
v 2.048284 4.525706 -8.851324
v 1.496417 4.519895 -12.142314
v 5.999681 4.519895 -5.393693
v 1.88751878024613 4.525706 -12.1417177812407
v -0.697456 4.519891 -12.3761236831723
v -0.697456 4.519891 -12.3761236334569
v 1.98994 4.519895 -5.326747
v 1.47965281405174 4.519895 -5.35764235811967
v 1.352895 4.519895 -5.381577
v -5.999685 -4.29535 0.252766
v 2.045345 4.519895 -12.0868641074935
v 2.079488 4.525706 -5.32674702507523
v -5.517697 4.519895 -12.1062788420433
v -5.517697 4.519895 -12.187373
v 1.52816900000231 4.519893 -5.03404662735431
v 1.154618 4.525706 -3.747234
v -1.43324101924445 4.525706 -12.2437239999968
v 2.045345 4.525706 -8.97313904145281
v -2.09674 4.519895 -12.016495
v 1.56688102899801 4.525706 -12.1418768292503
v 1.64327456695597 4.519895 -5.326747
v -5.50546147242703 4.525706 -8.97313802028583
v 2.078477 4.525706 -11.212765
v 1.528169 4.525706 -5.034052
v -0.697456 4.525706 -12.2276877799858
v -1.433241 4.525706 -5.326747
v 5.481618 4.519895 -12.016496
v -5.496548 4.525706 -8.75122300612218
v -2.063211 4.525706 -5.104835
v 5.502768 4.525706 -12.187375
v -0.697456 4.525706 -12.3761236831723
v 1.351106 4.519895 -5.034052
v 1.35110600822769 4.519895 -5.03405359556252
v -0.697456 4.519891 -12.376124
v -2.01943928136979 4.519895 -12.2183904503977
v -1.97603487789316 4.519895 -12.142314
v -5.999688 4.519895 -8.907682
v -5.999688 4.519895 -8.851323
v -5.57604000006111 4.519895 -8.90768199999187
v -5.57604000006111 4.519895 -8.907682
v 5.38363602071165 4.519895 -8.97313994951944
v 5.50713660246852 4.519895 -8.97313998464706
v -5.57604000006111 4.525706 -8.907682
v -5.54701625176885 4.525706 -8.90768000834183
v 1.35110600941334 4.525706 -5.03405382549144
v 2.079488 4.525706 -10.4192381093729
v 5.18884976195475 4.525706 -9.04008391394534
v 5.99968 4.519895 -12.712265
v -1.129634 -4.29535 -12.3091830483577
v -1.433241 -4.29535 -12.309184
v -1.129634 -4.29535 -12.3091830000033
v -2.096741367432 4.525706 -8.97313897427335
v 1.102382 4.525706 0.252766
v 1.24742658262102 4.525706 -0.955144251945093
v 5.999681 4.525706 0.252764
v 5.561113 4.519895 -12.309175
v -5.50515681012646 4.525706 -5.38644118499615
v 1.438072 4.525706 -12.2437140000066
v -1.129632 4.519895 -12.187374
v -5.57604000006111 4.525706 -8.90768199997743
v 5.481619 -4.29535 -2.706167
v 2.41800108604499 -4.29535 -2.70616519900009
v 0.00238 4.525706 -4.296337
v 5.999681 4.519895 -5.261291
v 1.102382 4.525706 -0.930968867503011
v -1.129634 3.955057 -12.3091830000033
v -1.129633 3.955057 -12.309183
v -1.129633 3.955057 -12.3091830483545
v -1.129634 3.955057 -12.3091830483577
v 5.502769 4.525706 -5.104836
v 5.502769 4.519895 -5.104836
v 5.56016105683205 4.519895 -5.26036857563996
v 5.502769 4.519895 -5.204935
v 5.99968 4.519894 -9.040085
v -2.063211 4.519895 -12.142314
v 2.079488 4.525706 -9.040083
v -5.57604000006111 4.525706 -8.90768199999187
v -0.315096 4.525706 -4.279588
v 5.999681 4.519895 -5.26129
v 5.561114 4.519895 -5.261289
f 1 2 3
f 2 1 4
f 2 4 5
f 5 6 2
f 7 8 9
f 8 7 10
f 11 12 13
f 12 11 14
f 15 16 17
f 16 15 18
f 19 18 20
f 18 19 16
f 21 22 23
f 24 21 25
f 21 24 26
f 21 26 22
f 27 28 29
f 28 27 30
f 31 30 32
f 30 31 28
f 33 34 35
f 34 33 36
f 37 38 39
f 39 40 37
f 38 37 41
f 42 43 44
f 43 42 45
f 43 45 46
f 47 48 49
f 50 51 52
f 51 50 53
f 54 53 55
f 53 54 51
f 56 57 58
f 58 59 56
f 60 56 61
f 56 60 57
f 62 63 64
f 62 56 59
f 56 62 64
f 63 62 65
f 65 66 63
f 67 68 69
f 68 67 70
f 71 72 73
f 73 74 71
f 72 71 75
f 75 76 72
f 77 78 79
f 78 77 80
f 78 80 81
f 81 82 78
f 83 50 84
f 50 83 85
f 53 85 86
f 85 53 50
f 87 88 89
f 88 87 90
f 91 90 92
f 90 91 88
f 93 94 95
f 94 96 95
f 93 97 98
f 99 100 101
f 94 93 99
f 97 93 95
f 100 99 93
f 102 77 103
f 104 105 106
f 105 104 107
f 105 107 108
f 108 109 105
f 110 111 112
f 112 113 110
f 111 110 114
f 114 115 111
f 116 117 118
f 118 119 116
f 117 116 120
f 121 122 123
f 123 124 121
f 122 121 125
f 125 126 122
f 127 128 129
f 128 127 130
f 131 132 133
f 134 135 136
f 136 137 138
f 131 139 140
f 140 141 131
f 131 133 134
f 139 136 138
f 136 139 131
f 136 131 134
f 132 131 141
f 142 143 144
f 143 142 145
f 146 145 147
f 145 146 143
f 148 149 150
f 150 151 148
f 149 148 152
f 152 153 149
f 154 155 156
f 157 154 158
f 155 154 157
f 155 157 159
f 159 160 155
f 161 162 163
f 163 164 165
f 165 161 163
f 166 167 168
f 168 169 166
f 170 171 172
f 171 170 173
f 174 175 176
f 176 177 174
f 175 174 178
f 178 179 175
f 180 181 182
f 182 183 180
f 181 180 184
f 184 185 186
f 186 181 184
f 71 74 187
f 187 188 71
f 189 190 191
f 191 192 189
f 190 189 193
f 193 194 190
f 195 196 197
f 197 137 195
f 196 195 198
f 198 199 196
f 156 155 189
f 200 201 202
f 203 200 204
f 204 205 203
f 200 203 201
f 206 207 33
f 207 206 208
f 209 208 210
f 208 209 207
f 211 212 213
f 212 211 214
f 215 216 217
f 218 215 219
f 215 218 216
f 220 221 222
f 222 223 220
f 221 220 224
f 224 148 151
f 151 221 224
f 225 226 227
f 228 225 229
f 225 228 226
f 230 231 232
f 232 233 230
f 231 230 234
f 235 236 237
f 235 238 239
f 235 231 234
f 235 237 240
f 231 235 239
f 238 235 240
f 241 242 243
f 242 241 244
f 245 244 246
f 244 245 242
f 247 248 249
f 249 250 247
f 248 247 251
f 252 253 49
f 254 255 256
f 255 254 257
f 258 259 260
f 259 258 261
f 262 261 263
f 261 262 259
f 264 265 266
f 267 268 269
f 264 266 270
f 268 267 270
f 267 264 270
f 271 264 272
f 264 271 265
f 237 238 240
f 238 237 273
f 273 274 238
f 275 42 276
f 42 275 45
f 277 278 279
f 277 280 281
f 249 282 283
f 277 249 278
f 280 277 279
f 282 249 277
f 278 249 248
f 248 284 285
f 285 278 248
f 286 287 288
f 286 289 290
f 289 286 288
f 236 273 237
f 273 236 291
f 291 292 287
f 273 291 286
f 291 287 286
f 293 294 295
f 294 293 296
f 294 296 297
f 297 298 294
f 299 300 301
f 300 299 302
f 303 302 304
f 302 303 300
f 305 306 307
f 307 308 305
f 306 305 309
f 310 311 125
f 312 313 314
f 314 315 316
f 317 318 319
f 320 321 322
f 321 323 322
f 320 324 94
f 94 99 312
f 312 325 326
f 326 327 328
f 318 314 316
f 321 320 329
f 317 320 94
f 328 312 326
f 312 328 313
f 318 317 314
f 320 317 329
f 312 314 94
f 314 317 94
f 330 283 331
f 283 330 332
f 249 332 250
f 332 249 283
f 333 334 335
f 334 333 336
f 337 336 338
f 336 337 334
f 339 340 341
f 340 339 342
f 343 342 344
f 342 343 340
f 345 346 347
f 346 345 348
f 349 348 350
f 348 349 346
f 351 352 353
f 353 354 351
f 352 351 355
f 356 357 358
f 357 356 359
f 360 361 362
f 361 360 363
f 364 363 365
f 363 364 361
f 300 303 366
f 366 367 300
f 368 369 239
f 239 370 368
f 369 368 371
f 372 373 374
f 375 376 377
f 377 378 375
f 211 379 380
f 379 211 381
f 379 382 383
f 382 379 381
f 384 385 386
f 385 384 387
f 388 387 389
f 389 390 391
f 387 388 385
f 388 389 391
f 392 393 394
f 394 395 392
f 393 392 396
f 396 397 393
f 398 399 400
f 399 398 401
f 402 401 403
f 401 402 399
f 365 404 364
f 404 365 405
f 397 405 393
f 405 397 404
f 406 407 408
f 408 409 406
f 407 406 358
f 358 410 407
f 411 412 413
f 414 411 415
f 411 414 416
f 411 416 412
f 417 418 419
f 418 417 420
f 421 420 422
f 420 421 418
f 423 424 425
f 424 423 426
f 424 426 427
f 424 427 245
f 428 429 430
f 429 428 52
f 224 52 51
f 51 152 224
f 52 224 429
f 284 248 251
f 251 431 284
f 432 433 434
f 433 432 435
f 400 435 398
f 435 400 433
f 436 437 438
f 437 436 439
f 440 439 441
f 439 440 437
f 442 443 444
f 443 442 445
f 443 445 446
f 447 448 449
f 449 450 447
f 448 447 451
f 452 453 454
f 453 452 455
f 456 422 457
f 422 456 421
f 61 458 459
f 459 60 61
f 396 61 460
f 61 396 458
f 232 231 461
f 461 462 232
f 463 464 465
f 465 142 144
f 464 463 466
f 463 465 144
f 464 466 467
f 468 469 470
f 470 471 468
f 469 468 472
f 472 473 469
f 474 475 9
f 476 477 478
f 477 476 479
f 477 479 480
f 481 482 483
f 481 484 213
f 484 481 483
f 485 481 486
f 481 485 482
f 261 487 488
f 487 261 489
f 490 378 377
f 377 411 490
f 378 490 491
f 491 492 378
f 462 461 371
f 493 29 494
f 494 495 493
f 29 493 138
f 138 27 29
f 496 497 498
f 497 496 499
f 500 499 501
f 499 500 497
f 392 458 396
f 458 392 502
f 458 502 503
f 503 459 458
f 504 505 506
f 506 507 504
f 505 504 508
f 508 509 505
f 510 511 512
f 511 510 513
f 514 513 515
f 513 514 511
f 516 517 442
f 442 518 516
f 517 516 519
f 520 521 522
f 520 523 524
f 524 525 526
f 527 528 529
f 527 530 531
f 521 520 532
f 532 526 527
f 530 527 529
f 532 520 524
f 527 531 532
f 526 532 524
f 533 534 535
f 534 533 536
f 537 538 539
f 539 540 537
f 541 537 542
f 537 541 538
f 543 544 545
f 544 543 546
f 546 547 544
f 548 549 550
f 550 551 548
f 549 548 552
f 552 553 549
f 554 555 556
f 556 557 554
f 555 554 558
f 558 559 555
f 560 448 451
f 448 560 561
f 561 449 448
f 562 563 564
f 563 562 565
f 566 565 567
f 565 566 563
f 568 569 570
f 569 568 571
f 571 572 569
f 573 574 575
f 574 573 576
f 574 576 577
f 259 262 578
f 578 579 259
f 444 123 518
f 124 444 443
f 444 124 123
f 338 336 580
f 580 188 338
f 539 581 582
f 581 539 538
f 583 538 541
f 538 583 581
f 584 585 586
f 585 584 587
f 588 587 589
f 587 588 585
f 163 590 591
f 590 163 162
f 590 162 592
f 593 592 594
f 592 593 590
f 582 595 596
f 596 539 582
f 595 582 371
f 597 598 599
f 599 476 597
f 598 597 600
f 601 602 154
f 603 604 605
f 605 606 603
f 604 603 607
f 607 608 604
f 609 610 611
f 610 609 612
f 610 612 613
f 613 614 610
f 615 616 617
f 617 618 615
f 616 615 619
f 619 620 616
f 621 622 623
f 621 624 625
f 624 621 623
f 626 627 628
f 628 629 626
f 630 589 631
f 589 630 588
f 632 633 634
f 633 632 635
f 636 637 638
f 637 636 639
f 640 639 641
f 639 640 637
f 642 264 643
f 272 642 644
f 264 642 272
f 645 646 647
f 646 645 80
f 648 136 649
f 136 648 650
f 137 650 195
f 650 137 136
f 651 28 31
f 28 651 652
f 29 652 494
f 652 29 28
f 653 654 655
f 655 656 653
f 654 653 657
f 658 659 660
f 659 658 661
f 659 661 662
f 662 663 664
f 664 659 662
f 665 666 667
f 666 665 668
f 666 668 669
f 670 671 672
f 672 673 670
f 671 670 674
f 674 235 671
f 140 139 675
f 675 676 140
f 677 678 679
f 680 677 681
f 677 680 678
f 260 579 682
f 579 260 259
f 435 432 683
f 683 684 435
f 685 686 687
f 686 685 688
f 686 688 383
f 689 690 691
f 690 689 692
f 693 694 695
f 695 696 693
f 36 697 34
f 697 36 698
f 699 698 700
f 698 699 697
f 518 123 122
f 701 450 702
f 450 701 447
f 36 33 703
f 704 705 706
f 707 704 708
f 704 707 705
f 709 609 710
f 609 709 612
f 363 360 711
f 711 712 363
f 423 713 714
f 713 423 715
f 713 715 716
f 717 718 719
f 719 720 717
f 718 717 721
f 721 722 718
f 371 723 724
f 723 371 725
f 726 727 728
f 727 726 729
f 727 729 730
f 291 236 292
f 731 732 733
f 731 734 632
f 732 731 632
f 732 632 735
f 736 610 737
f 610 736 611
f 405 365 738
f 394 739 679
f 739 394 405
f 739 405 738
f 407 740 408
f 740 407 741
f 303 701 366
f 701 303 742
f 447 742 451
f 742 447 701
f 673 743 670
f 743 673 744
f 743 744 745
f 746 745 747
f 745 746 743
f 68 70 748
f 748 749 68
f 399 750 751
f 750 399 402
f 752 402 753
f 753 754 755
f 755 756 757
f 752 758 750
f 757 753 755
f 753 757 752
f 402 752 750
f 759 760 761
f 759 762 643
f 760 759 267
f 759 643 267
f 763 764 765
f 665 763 766
f 763 665 764
f 715 425 767
f 425 715 423
f 768 769 770
f 770 771 768
f 769 768 772
f 772 773 769
f 774 775 776
f 775 774 777
f 777 778 775
f 779 780 781
f 781 211 484
f 484 779 781
f 780 779 782
f 783 651 784
f 651 783 785
f 652 785 786
f 785 652 651
f 787 788 789
f 789 790 787
f 788 787 791
f 791 792 788
f 793 794 795
f 796 204 797
f 797 798 796
f 12 799 13
f 799 12 800
f 799 800 801
f 400 751 802
f 751 400 399
f 668 766 803
f 803 804 668
f 766 668 665
f 669 804 805
f 805 806 669
f 804 669 668
f 335 334 807
f 807 808 335
f 169 809 166
f 809 169 810
f 811 812 813
f 813 814 811
f 812 811 790
f 790 789 812
f 815 695 816
f 695 815 817
f 696 817 720
f 817 696 695
f 698 818 819
f 703 698 36
f 818 698 703
f 820 821 822
f 822 823 820
f 824 825 826
f 826 381 824
f 825 824 827
f 133 827 828
f 827 133 825
f 129 128 829
f 829 830 129
f 831 832 833
f 832 831 834
f 835 834 836
f 834 835 832
f 727 730 837
f 837 691 727
f 838 839 840
f 841 838 842
f 842 843 841
f 838 841 839
f 844 22 26
f 22 844 845
f 23 845 846
f 845 23 22
f 847 39 793
f 793 795 847
f 39 847 848
f 848 40 39
f 849 850 851
f 850 849 250
f 250 332 850
f 750 852 751
f 853 750 854
f 852 750 853
f 855 856 463
f 463 857 855
f 858 859 860
f 859 858 861
f 859 861 862
f 863 864 865
f 865 866 863
f 179 178 867
f 868 869 870
f 871 179 867
f 868 870 872
f 871 867 868
f 868 872 871
f 802 873 874
f 873 802 875
f 876 877 878
f 877 876 879
f 880 881 882
f 881 880 883
f 884 885 886
f 884 887 888
f 885 884 889
f 887 884 886
f 696 889 693
f 889 696 885
f 582 581 371
f 890 555 891
f 555 890 892
f 555 892 556
f 158 519 516
f 519 158 154
f 154 893 519
f 894 35 620
f 620 619 894
f 35 894 33
f 895 896 897
f 896 895 898
f 899 898 900
f 898 899 896
f 559 891 555
f 891 559 901
f 902 901 903
f 901 902 891
f 814 904 905
f 904 814 813
f 906 813 907
f 907 472 906
f 813 906 904
f 908 909 910
f 911 908 912
f 908 911 909
f 913 355 351
f 914 915 916
f 917 918 919
f 917 687 686
f 687 917 919
f 920 921 922
f 923 424 245
f 245 246 923
f 424 923 924
f 924 425 424
f 925 469 473
f 473 926 925
f 469 925 927
f 927 470 469
f 928 929 930
f 929 928 931
f 717 931 721
f 931 717 929
f 932 933 934
f 935 820 823
f 935 932 934
f 932 935 823
f 933 932 936
f 937 474 938
f 939 940 941
f 876 143 146
f 143 876 878
f 144 878 857
f 878 144 143
f 6 5 942
f 942 943 6
f 944 945 946
f 945 944 947
f 948 947 949
f 950 951 952
f 953 954 945
f 953 947 948
f 950 952 953
f 947 953 945
f 948 950 953
f 955 956 957
f 956 955 958
f 959 958 540
f 958 959 956
f 960 961 962
f 961 960 963
f 964 965 966
f 966 632 964
f 965 964 967
f 967 968 965
f 87 969 970
f 969 87 89
f 971 972 960
f 973 974 975
f 976 977 978
f 977 976 418
f 418 421 977
f 445 442 517
f 979 773 308
f 308 980 979
f 773 979 769
f 981 784 982
f 784 981 783
f 80 983 81
f 983 80 256
f 256 255 983
f 984 737 985
f 737 984 736
f 986 987 988
f 987 986 989
f 987 989 427
f 725 990 723
f 990 725 991
f 337 991 992
f 991 337 990
f 263 993 994
f 994 995 263
f 993 263 261
f 996 997 998
f 382 381 826
f 826 825 999
f 826 1000 382
f 1000 826 999
f 1001 1002 1003
f 1004 1005 1006
f 1007 1008 1001
f 1004 1006 1009
f 1007 1001 1003
f 1003 1004 1009
f 1009 1007 1003
f 1010 1011 1012
f 1011 1010 1013
f 1014 543 1015
f 543 1014 546
f 1016 1017 495
f 1017 1016 1018
f 1019 1018 1020
f 1018 1019 1017
f 1021 1022 1023
f 1022 1021 1024
f 1024 41 1025
f 1025 1022 1024
f 1026 1027 1028
f 1028 353 1026
f 1027 1026 545
f 409 408 1029
f 1029 1030 409
f 1031 1032 1033
f 1034 1031 1035
f 1032 1031 1034
f 1032 1034 1036
f 1036 1037 1032
f 1038 567 565
f 1039 1038 1040
f 1038 1039 567
f 1041 1042 1043
f 1043 1044 854
f 854 1041 1043
f 1045 1046 1047
f 1046 1045 1048
f 1049 1048 1050
f 1048 1049 1046
f 959 370 274
f 370 959 596
f 370 596 595
f 595 368 370
f 785 783 1051
f 1051 1052 785
f 1053 1054 587
f 587 584 1053
f 1054 1053 1055
f 1055 1056 1054
f 1057 551 206
f 551 1057 548
f 1058 1059 1060
f 1059 1058 1061
f 795 1061 847
f 1061 795 1059
f 1062 1063 1064
f 1063 1062 1065
f 1063 1065 479
f 882 1066 880
f 1066 882 479
f 1066 479 1067
f 185 184 1068
f 1068 1069 185
f 1070 1071 570
f 980 1070 1072
f 1070 980 1073
f 1070 1073 1071
f 1074 1075 1076
f 1076 1077 1074
f 1078 1074 1079
f 1074 1078 1075
f 1080 1081 1082
f 627 1083 628
f 1083 627 1084
f 609 1085 710
f 1085 609 1086
f 1087 1088 451
f 1088 1087 1089
f 1059 794 1090
f 794 1059 795
f 356 1030 1091
f 1030 356 409
f 344 1092 1093
f 1093 343 344
f 1092 344 1094
f 1094 1095 1092
f 1096 1097 1098
f 1098 1099 1096
f 1097 1096 1100
f 1100 1101 1097
f 575 608 573
f 1102 575 689
f 608 1102 604
f 1102 608 575
f 1103 1104 1105
f 1105 311 1103
f 1106 1103 1107
f 1103 1106 1104
f 295 294 1108
f 1108 1109 295
f 1110 1109 449
f 449 561 1110
f 830 1110 129
f 1109 830 295
f 1110 830 1109
f 1111 1112 244
f 244 241 1111
f 1112 1111 518
f 518 1113 1112
f 1114 1115 1038
f 1116 1114 1117
f 1114 1116 1115
f 1118 182 1119
f 1119 1120 1121
f 1121 1118 1119
f 183 1118 1122
f 1118 183 182
f 1123 498 497
f 498 1123 1124
f 1125 1124 1126
f 1124 1125 498
f 811 1012 790
f 1012 811 1010
f 1127 1128 1129
f 1128 1127 1130
f 1131 1130 1132
f 1130 1131 1128
f 280 279 640
f 1057 206 1133
f 395 394 679
f 1078 260 682
f 682 1075 1078
f 260 1078 1134
f 1134 1135 258
f 258 260 1134
f 1136 946 945
f 945 1137 1136
f 946 1136 1138
f 1138 1139 946
f 803 1140 1141
f 1140 803 1142
f 1143 594 1144
f 594 1143 593
f 30 197 1145
f 197 30 27
f 137 27 138
f 27 137 197
f 489 1146 1147
f 1147 487 489
f 1146 489 1148
f 1148 1149 1146
f 1150 1033 1032
f 1032 1151 1150
f 1033 1150 1152
f 1152 1153 1033
f 1154 1155 1156
f 1155 1154 1157
f 1158 1157 744
f 1157 1158 1155
f 623 622 1159
f 62 59 1160
f 1160 1161 62
f 509 508 1131
f 1131 1162 509
f 761 760 1163
f 49 48 1164
f 1165 252 49
f 49 1164 1165
f 1166 1144 1167
f 1144 1166 1143
f 266 265 1168
f 1169 1156 1170
f 1156 1169 1154
f 893 1171 445
f 1172 84 428
f 428 1173 1172
f 84 1172 1174
f 1174 83 84
f 1175 279 278
f 278 1176 1175
f 279 1175 637
f 637 640 279
f 625 1177 978
f 625 710 1085
f 710 625 978
f 1177 625 624
f 1178 1179 1180
f 905 1178 814
f 1178 905 1179
f 1181 1096 1182
f 1096 1181 1100
f 1183 1184 1185
f 1184 1183 1186
f 302 1187 1188
f 1187 302 299
f 1189 599 598
f 1066 1189 1190
f 1189 1066 1067
f 1189 1067 599
f 81 1191 82
f 1192 1193 833
f 833 832 1192
f 1194 1195 1196
f 1196 1197 1194
f 1195 1194 1198
f 1195 547 546
f 547 1195 1198
f 1199 1200 1201
f 1200 1199 782
f 386 1202 384
f 1202 386 1203
f 463 144 857
f 898 1204 1205
f 1204 898 895
f 1206 958 955
f 1206 1207 663
f 1206 662 1208
f 1207 1206 955
f 958 1206 1208
f 540 1208 537
f 1208 540 958
f 345 1209 1099
f 1099 1210 345
f 1209 345 347
f 347 1211 1209
f 681 677 1212
f 1212 1213 1214
f 1214 681 1212
f 86 1215 55
f 55 53 86
f 1215 86 1216
f 1216 1217 1215
f 393 405 394
f 907 812 1218
f 812 907 813
f 1219 408 740
f 408 1219 1029
f 1220 1221 1222
f 1221 1220 1223
f 1224 1223 1225
f 1223 1224 1221
f 1226 217 216
f 217 1226 1227
f 974 1228 1229
f 1230 974 1231
f 974 1230 1228
f 1011 1232 1012
f 1232 1011 1233
f 1233 1234 1232
f 1235 1236 1219
f 1237 926 1238
f 926 1237 925
f 1239 1240 1241
f 1240 1239 1242
f 1040 1243 1039
f 1243 1040 1244
f 1008 1007 1245
f 1246 10 7
f 7 1247 1246
f 25 21 1248
f 731 719 718
f 886 731 733
f 731 886 885
f 731 885 719
f 361 364 1016
f 1016 1249 361
f 371 368 595
f 868 1250 1251
f 1250 868 867
f 756 1252 757
f 1252 756 1253
f 1252 1253 1254
f 1255 1254 1256
f 1254 1255 1252
f 1251 1250 1257
f 1257 586 1251
f 1154 1169 1258
f 1154 1259 747
f 1259 1154 1258
f 1260 471 1261
f 471 1260 468
f 1262 1091 1029
f 1219 1263 1262
f 1262 1029 1219
f 589 1054 1264
f 1054 589 587
f 1005 1265 1006
f 1265 1005 1266
f 1267 1266 1268
f 1266 1267 1265
f 1158 1269 1270
f 1270 1271 1158
f 1269 1158 744
f 744 673 1269
f 109 108 952
f 952 951 109
f 847 865 848
f 865 847 1061
f 866 1061 1058
f 1061 866 865
f 1272 618 1273
f 618 1272 615
f 173 170 24
f 24 1274 173
f 1265 1275 1276
f 1275 1265 1267
f 1277 1267 1278
f 1267 1277 1275
f 631 1264 1279
f 1264 631 589
f 1280 1281 1282
f 1281 1280 478
f 478 667 1283
f 1283 1281 478
f 462 1284 739
f 739 232 462
f 1284 462 371
f 371 1285 1284
f 34 697 620
f 620 35 34
f 1286 502 1287
f 502 1286 503
f 1288 1137 954
f 954 1289 1288
f 1137 1288 1290
f 1290 1136 1137
f 1291 203 205
f 203 1291 1292
f 1292 1293 203
f 1294 675 139
f 675 1294 1295
f 675 1295 1296
f 675 1296 1297
f 1297 1298 675
f 1019 63 66
f 63 1019 64
f 459 1299 1273
f 1299 459 503
f 1300 503 1286
f 503 1300 1299
f 1301 1302 1303
f 1302 1301 1304
f 1302 1304 1305
f 69 749 1306
f 749 69 68
f 1307 1308 1309
f 1308 1307 1126
f 1308 1126 1124
f 1310 1124 1123
f 1124 1310 1308
f 651 31 1311
f 1311 1312 784
f 784 651 1311
f 1313 1314 1315
f 1314 1313 1316
f 153 1316 149
f 1316 153 1317
f 1317 1318 1314
f 1316 1317 1314
f 1319 1320 88
f 88 91 1319
f 1320 1319 1321
f 1020 64 1019
f 64 1020 460
f 56 460 61
f 460 56 64
f 679 1286 1287
f 1286 679 678
f 678 1300 1286
f 1322 1000 1323
f 1000 1322 1324
f 1000 1324 382
f 246 244 1112
f 1112 1325 246
f 1326 1327 1328
f 1327 1326 1329
f 1330 1329 1331
f 1329 1330 1327
f 1332 1333 898
f 992 807 334
f 334 337 992
f 1334 1118 1121
f 1118 1334 1335
f 1118 1335 1122
f 1336 571 1337
f 571 1336 1338
f 571 1338 1339
f 1339 572 571
f 1340 1341 1342
f 1342 1343 1340
f 1341 1340 1344
f 1345 1204 1346
f 1204 1345 1205
f 79 1347 1348
f 1347 79 1349
f 1350 1349 1351
f 1349 1350 1347
f 1352 547 1198
f 547 1352 1353
f 1353 544 547
f 1343 1354 1355
f 1355 1340 1343
f 1354 1343 1356
f 1356 1197 1354
f 1357 1358 1359
f 1359 1360 1357
f 1358 1357 1361
f 1362 654 657
f 657 1363 1362
f 654 1362 1364
f 1364 655 654
f 1365 1191 1366
f 1191 1365 82
f 898 1333 1367
f 1368 1369 1370
f 1369 1368 1371
f 1372 1371 1373
f 1371 1372 1369
f 1229 1182 1374
f 1182 1229 1228
f 1182 1228 1181
f 1375 1312 1311
f 1312 1375 1376
f 1377 1376 1378
f 1376 1377 1312
f 281 280 1379
f 1380 1381 1382
f 1382 1120 1380
f 1383 1380 1101
f 1381 1383 1384
f 1380 1383 1381
f 1385 1386 401
f 401 398 1385
f 1386 1385 1387
f 1387 1388 1386
f 1389 926 473
f 926 1389 1390
f 1238 1390 430
f 1390 1238 926
f 308 1391 305
f 1391 308 773
f 1392 773 772
f 773 1392 1391
f 1038 1393 1394
f 1393 1038 1395
f 527 1396 528
f 1397 1207 955
f 1207 1397 1398
f 922 1023 920
f 1023 922 1021
f 1399 331 1400
f 1400 1401 1399
f 331 1399 1402
f 1402 330 331
f 1099 1209 1182
f 1182 1096 1099
f 1403 454 1404
f 454 1403 452
f 1049 1405 1046
f 1405 1049 1406
f 1407 1406 1408
f 1408 1409 1410
f 1408 1205 1345
f 1406 1407 1405
f 1205 1408 1410
f 1407 1408 1345
f 732 735 1411
f 1411 1412 732
f 1413 1414 482
f 482 485 1413
f 764 665 667
f 978 1177 976
f 1311 31 32
f 24 170 26
f 235 1415 671
f 1415 235 234
f 234 230 1415
f 1416 1417 1418
f 1417 1416 1419
f 1417 1420 1421
f 1420 1417 1419
f 1422 1423 1424
f 515 1425 514
f 1425 515 1426
f 1069 1427 185
f 1427 1069 1210
f 1098 1210 1099
f 1210 1098 1427
f 1428 1429 1430
f 1429 1428 1431
f 1432 1070 570
f 1072 1432 1433
f 1432 1072 1070
f 1312 1377 982
f 982 784 1312
f 1434 492 491
f 492 1434 1435
f 492 1435 1436
f 1436 1437 492
f 76 75 1438
f 242 1439 87
f 242 970 243
f 1439 242 76
f 1439 76 1438
f 242 87 970
f 1440 1055 1441
f 1055 1440 1442
f 1056 1442 1443
f 1442 1056 1055
f 1279 1444 1445
f 1445 631 1279
f 1444 1279 44
f 44 43 1444
f 1446 57 617
f 57 1446 58
f 849 851 1447
f 1448 1449 1450
f 1451 1452 1453
f 1454 1455 347
f 347 346 1456
f 1456 1454 347
f 1455 1454 1457
f 427 1458 76
f 427 242 245
f 242 427 76
f 1458 427 1459
f 981 1146 1460
f 1146 981 1147
f 679 1287 395
f 805 804 803
f 1461 572 202
f 572 1461 569
f 753 1462 1463
f 753 1425 754
f 1425 753 1463
f 1462 753 403
f 1464 860 1465
f 860 1464 858
f 1466 1467 1468
f 1468 1469 1466
f 1467 1466 289
f 289 288 1467
f 586 1470 1251
f 1470 586 585
f 1471 585 588
f 585 1471 1470
f 1472 338 188
f 188 187 1472
f 338 1472 990
f 990 337 338
f 1275 1203 386
f 1203 1275 1277
f 1201 1261 471
f 1261 1201 1200
f 134 133 828
f 1473 1161 1160
f 157 158 516
f 1323 1474 676
f 676 1298 1323
f 1474 1323 1000
f 1000 999 1474
f 1475 1476 660
f 1477 1478 976
f 1478 419 976
f 1475 1477 1476
f 1478 1477 1475
f 781 824 211
f 827 781 1479
f 1479 1480 827
f 781 827 824
f 1396 1481 1482
f 1482 528 1396
f 1481 1396 1483
f 1484 1407 1485
f 1407 1484 1486
f 1407 1486 1487
f 1487 1405 1407
f 1364 1488 655
f 553 1489 549
f 1489 553 1490
f 1471 1288 1491
f 1288 1471 1290
f 1492 371 583
f 583 623 1492
f 1493 738 712
f 738 1493 233
f 739 233 232
f 233 739 738
f 1223 1220 1387
f 1387 1494 1223
f 1495 1439 1438
f 1439 1495 92
f 92 90 1439
f 1405 1487 1047
f 1047 1046 1405
f 1496 209 210
f 1497 1496 1498
f 1496 1497 209
f 862 1077 1076
f 1077 862 1499
f 1499 169 1077
f 1500 1411 1501
f 1501 1502 1500
f 1411 1500 1503
f 1503 1412 1411
f 1504 336 333
f 336 1504 580
f 712 711 672
f 672 1493 712
f 1505 1506 1507
f 1507 788 792
f 792 1505 1507
f 1506 1505 1508
f 1506 1509 1510
f 1509 1506 1508
f 487 1147 1511
f 1511 488 487
f 1512 1498 801
f 1498 1512 1497
f 208 206 550
f 365 363 712
f 712 738 365
f 713 716 939
f 939 941 713
f 76 1513 72
f 1513 76 1458
f 1514 1458 1459
f 1458 1514 1513
f 745 744 1157
f 1515 925 1237
f 925 1515 927
f 426 987 427
f 987 426 988
f 724 187 1516
f 187 724 1472
f 1460 1149 1517
f 1149 1460 1146
f 236 235 674
f 674 1518 1519
f 1519 1520 292
f 236 674 1519
f 1519 292 236
f 1211 347 1455
f 1455 1521 1211
f 919 1522 1523
f 1522 919 1524
f 1524 1525 1522
f 829 1421 1135
f 1421 829 1417
f 1218 1389 907
f 1389 1218 1526
f 1390 1526 1173
f 1526 1390 1389
f 151 150 1527
f 1527 1528 151
f 1529 604 1102
f 604 1529 605
f 1530 1381 1384
f 1382 1530 1531
f 1530 1382 1381
f 371 581 583
f 1351 1532 1533
f 1532 1351 1534
f 1162 1132 1535
f 1132 1162 1131
f 283 282 1400
f 1400 331 283
f 1393 1536 1394
f 1536 1393 1537
f 15 846 845
f 846 15 1538
f 1539 359 356
f 1355 1540 1125
f 1125 1541 1355
f 1540 1355 1542
f 1543 1542 943
f 1540 1543 1544
f 1543 1540 1542
f 1218 812 789
f 789 1545 1218
f 1241 1546 1547
f 1546 1241 1240
f 1548 1244 1040
f 1244 1548 1549
f 1082 1550 1551
f 1550 1082 1081
f 1552 1553 1554
f 1553 1552 1555
f 1555 1468 1556
f 1553 1555 1556
f 746 1556 674
f 1556 746 1553
f 1247 7 1557
f 250 1447 247
f 1447 250 849
f 786 785 1052
f 1052 362 786
f 1558 1559 1560
f 1560 1561 1558
f 1559 1558 1562
f 1563 1562 1564
f 1562 1563 1559
f 13 799 1498
f 1498 1496 13
f 489 261 1148
f 126 125 311
f 311 1105 126
f 541 542 623
f 878 855 857
f 855 878 877
f 751 875 802
f 875 751 852
f 1565 388 391
f 388 1565 1566
f 1566 1567 388
f 139 533 1294
f 533 139 536
f 1487 1486 1568
f 1569 1444 1570
f 1444 1569 1445
f 1475 660 1571
f 583 541 623
f 1047 1487 1568
f 683 1572 1573
f 1572 683 432
f 1574 432 434
f 432 1574 1572
f 1337 571 568
f 568 1575 1337
f 1576 1343 1342
f 1343 1576 1356
f 1297 1323 1298
f 1323 1297 1322
f 653 656 1577
f 1409 1578 1410
f 1114 1038 1579
f 1339 202 572
f 202 1339 200
f 1580 1581 1348
f 1348 1347 1580
f 1581 1580 1582
f 1582 1583 1581
f 969 89 1584
f 1584 1585 969
f 383 1586 379
f 1113 1350 1325
f 1325 1112 1113
f 1350 1113 1580
f 1580 1347 1350
f 1587 199 198
f 199 1587 1588
f 1563 1588 1589
f 1588 1563 199
f 1221 1590 1591
f 1590 1221 1224
f 971 1224 1592
f 1224 971 1590
f 1593 1594 1595
f 1593 168 1596
f 168 1593 1595
f 1594 1593 367
f 367 366 1594
f 1597 1598 511
f 511 514 1597
f 1599 1597 1600
f 1597 1599 1598
f 1601 1602 1483
f 1483 1396 1601
f 1602 1601 1603
f 1603 1604 1602
f 1562 1375 1605
f 1375 1562 1558
f 1606 1558 862
f 1606 579 578
f 1558 1376 1375
f 579 1606 862
f 1376 1558 1606
f 1349 78 1607
f 78 1349 79
f 893 517 519
f 517 893 445
f 1363 657 1552
f 1285 1608 1609
f 1608 1285 371
f 1608 371 1610
f 1598 1611 512
f 512 511 1598
f 1612 1598 1599
f 1598 1612 1611
f 1613 1313 1315
f 1313 1613 1589
f 1313 1588 1527
f 1588 1313 1589
f 1571 840 839
f 840 1571 660
f 1373 1614 1372
f 1614 1373 1615
f 1616 1593 1617
f 1593 1616 367
f 1038 1618 1395
f 1618 1038 1236
f 702 366 701
f 366 702 1594
f 955 1619 1397
f 1325 1350 1351
f 1351 1533 1325
f 1273 1620 1272
f 1620 1273 1299
f 1621 1299 1300
f 1299 1621 1620
f 308 1073 980
f 1073 308 307
f 1622 1623 1624
f 1623 1622 1625
f 692 689 575
f 297 1077 169
f 1077 297 1074
f 1170 1148 261
f 1149 1170 1156
f 1170 1149 1148
f 1626 1357 1627
f 1357 1626 1628
f 1357 1628 1361
f 518 126 1105
f 126 518 122
f 1629 1430 1188
f 1188 1187 1629
f 1430 1629 1428
f 1630 1631 1632
f 1631 1630 1633
f 1631 1633 1634
f 193 155 160
f 155 193 189
f 1635 1561 1560
f 1561 1635 1636
f 1561 1636 862
f 1637 1638 1639
f 1621 1640 1641
f 1640 1621 680
f 1640 680 1642
f 1643 874 873
f 434 1643 1644
f 1643 434 433
f 1643 433 874
f 1645 1646 1647
f 1648 1649 1650
f 1649 1648 922
f 1651 921 1652
f 1649 922 1651
f 921 1651 922
f 1653 1615 1373
f 1615 1653 870
f 1654 1655 635
f 1655 1654 1656
f 1657 501 499
f 499 1658 1657
f 501 1657 575
f 204 1339 1338
f 1339 204 200
f 735 632 966
f 1659 1660 1139
f 1139 1569 1659
f 1060 1059 1090
f 1060 391 1661
f 391 1060 1090
f 223 1238 1662
f 1238 223 1237
f 261 1258 1169
f 1663 1664 341
f 341 340 1663
f 1568 1665 1666
f 1667 1668 1669
f 1668 1667 1670
f 1670 1168 265
f 1670 271 1668
f 271 1670 265
f 1197 1671 1194
f 1671 1197 1356
f 1672 1356 1576
f 1356 1672 1671
f 243 970 1673
f 1673 1674 243
f 1675 1226 216
f 216 218 1675
f 1226 1675 1676
f 1676 1677 1226
f 1383 1101 1100
f 749 1678 1306
f 1678 749 748
f 1678 748 1679
f 349 1456 346
f 1680 1681 1682
f 1215 1680 55
f 1680 1215 729
f 729 1683 1681
f 1680 729 1681
f 704 706 1684
f 1684 1685 704
f 169 1686 810
f 1686 169 1687
f 1688 1689 1690
f 1691 49 253
f 1692 1693 1694
f 1692 1690 1695
f 49 1691 1695
f 1692 1694 1688
f 1695 1691 1692
f 1690 1692 1688
f 1696 1697 1698
f 1699 936 932
f 932 1700 1699
f 1701 1358 1361
f 1361 1702 1701
f 1358 1701 1543
f 1543 1703 1359
f 1359 1358 1543
f 1443 1704 1056
f 1704 1443 276
f 44 276 42
f 276 44 1704
f 182 181 1119
f 202 201 1705
f 1705 1461 202
f 1706 219 206
f 219 1706 218
f 1707 567 1039
f 567 1707 566
f 1528 1588 1587
f 1588 1528 1527
f 1018 364 404
f 364 1018 1016
f 14 11 1489
f 14 1490 1708
f 1490 14 1489
f 1709 1613 1315
f 1710 1709 1465
f 1613 1709 1710
f 1613 1710 1711
f 1711 1589 1613
f 631 1138 630
f 1138 631 1445
f 1139 1445 1569
f 1445 1139 1138
f 1461 1705 455
f 455 452 1461
f 1712 1610 371
f 1610 1712 74
f 74 73 1610
f 193 1713 1634
f 839 841 1571
f 985 1714 1715
f 1715 984 985
f 1714 985 1551
f 1551 1550 1714
f 880 1066 1190
f 1190 1716 880
f 1717 1718 496
f 1718 1717 1719
f 1564 1562 1605
f 1605 1145 1564
f 1720 1721 451
f 1722 1707 1039
f 1039 1243 1722
f 1723 537 1208
f 1208 661 1723
f 537 1723 542
f 1724 1725 1404
f 1726 1724 1727
f 1725 1724 1726
f 1125 1126 1541
f 1595 1108 1728
f 1108 1595 1729
f 1109 1729 450
f 450 449 1109
f 1729 1109 1108
f 431 251 1730
f 431 1731 1732
f 1731 431 1730
f 473 472 907
f 907 1389 473
f 1190 1189 1733
f 1647 686 383
f 686 1647 917
f 264 267 643
f 941 940 1734
f 635 1655 1735
f 1735 633 635
f 1736 1510 416
f 1506 1737 1507
f 414 1506 1736
f 1736 416 414
f 1506 414 1737
f 1510 1736 1506
f 1609 1608 1738
f 1738 1739 1609
f 1740 1430 1429
f 1430 1740 1188
f 724 1516 371
f 1741 1429 1431
f 1429 1741 1740
f 1117 1114 1579
f 1579 1742 1117
f 982 1147 981
f 1147 982 1511
f 1743 1379 280
f 280 1744 1743
f 1745 1746 1747
f 1747 1748 1745
f 964 1745 967
f 1745 964 1746
f 1438 1504 1495
f 580 1438 75
f 1438 580 1504
f 441 218 1706
f 218 441 1675
f 1472 723 990
f 723 1472 724
f 742 304 1749
f 304 742 303
f 545 1750 1015
f 1748 1751 1752
f 1752 1745 1748
f 1038 1394 1579
f 1753 1177 624
f 1177 1753 976
f 1754 1618 1755
f 1395 1754 1756
f 1754 1395 1618
f 402 403 753
f 417 419 1478
f 475 1757 9
f 1216 1102 837
f 1102 1216 1529
f 1758 1759 1760
f 1760 1761 1758
f 1759 1758 1762
f 194 1633 806
f 1634 194 193
f 1633 194 1634
f 1360 1627 1357
f 1627 1360 1763
f 251 851 835
f 835 836 251
f 851 251 1447
f 1074 297 296
f 296 1079 1074
f 671 1493 672
f 1493 671 1415
f 233 1415 230
f 1415 233 1493
f 1764 933 936
f 933 1764 1765
f 933 1765 934
f 1151 1037 1766
f 1037 1151 1032
f 1767 1452 1768
f 1769 1770 1057
f 1770 1769 1771
f 1771 1772 1770
f 850 1773 851
f 1773 850 332
f 332 330 1773
f 1774 1775 1776
f 1777 288 1778
f 288 1777 1467
f 1328 1551 1326
f 1551 1328 1082
f 1779 1464 1780
f 858 1779 1781
f 1464 1779 858
f 1782 522 521
f 522 1782 1783
f 1518 1467 1777
f 1467 1518 1556
f 1467 1556 1468
f 803 1141 1784
f 498 1540 1717
f 1717 496 498
f 1540 498 1125
f 1126 1307 1344
f 1344 1541 1126
f 718 722 734
f 734 731 718
f 1592 1225 1785
f 1225 1592 1224
f 442 444 518
f 1752 967 1745
f 967 1752 998
f 967 998 968
f 1786 586 1257
f 586 1786 584
f 1373 1787 1653
f 1787 1373 1371
f 1788 1371 1368
f 1371 1788 1787
f 540 596 959
f 596 540 539
f 1101 1380 1097
f 1320 89 88
f 89 1320 1584
f 1480 1479 1789
f 1790 760 1306
f 760 1790 1163
f 1791 1792 1639
f 1639 1638 1791
f 1792 1791 1793
f 1792 1794 638
f 1794 1792 1793
f 1378 995 994
f 994 1377 1378
f 995 1378 578
f 578 262 995
f 1476 658 660
f 1795 1476 1477
f 1476 1795 658
f 429 224 220
f 220 1662 429
f 618 617 57
f 57 60 618
f 82 1365 1607
f 1607 78 82
f 1796 1354 1197
f 1197 1196 1796
f 1354 1796 1542
f 1542 1355 1354
f 1097 1380 1120
f 1097 1119 1098
f 1119 1097 1120
f 1797 1798 1799
f 1798 1797 937
f 1798 937 938
f 927 1515 1800
f 1800 1801 927
f 1234 305 1391
f 305 1234 1233
f 305 1233 309
f 1367 900 898
f 261 1802 1803
f 1802 261 258
f 1360 1804 1763
f 339 1094 342
f 1738 72 1513
f 72 1738 73
f 241 1674 1805
f 1674 241 243
f 1642 680 681
f 681 1806 1642
f 1590 971 1807
f 1808 636 638
f 638 1794 1808
f 1155 1271 1517
f 1271 1155 1158
f 1076 1075 682
f 1809 748 70
f 70 1810 1809
f 748 1809 1679
f 1209 1211 1374
f 1374 1182 1209
f 1352 1198 1671
f 1671 1672 1811
f 1811 1352 1671
f 1675 441 439
f 439 1676 1675
f 742 1749 451
f 1460 783 981
f 783 1460 1051
f 1446 700 1812
f 700 1446 699
f 802 874 433
f 433 400 802
f 728 727 691
f 691 690 728
f 1717 1702 1719
f 1702 1717 1544
f 1544 1701 1702
f 1190 1733 1716
f 367 1616 301
f 301 300 367
f 476 1067 479
f 1067 476 599
f 357 410 358
f 229 1779 1780
f 1780 228 229
f 854 1044 853
f 1544 1543 1701
f 1813 1314 1318
f 1315 1813 1709
f 1813 1315 1314
f 276 1443 275
f 410 741 407
f 1494 1385 684
f 1385 1494 1387
f 474 9 1814
f 1815 1816 1817
f 1816 1815 1818
f 1819 1820 1821
f 451 1749 1741
f 976 419 418
f 1822 1823 998
f 584 1824 1053
f 1824 584 1786
f 1825 477 480
f 477 1825 667
f 477 667 478
f 1801 1826 470
f 470 927 1801
f 1826 1801 1827
f 198 1828 1829
f 1829 1587 198
f 1826 650 648
f 650 1826 1827
f 1828 198 1830
f 650 1827 1830
f 650 1830 198
f 1620 1621 1641
f 1641 1831 1620
f 936 525 1764
f 525 936 526
f 340 343 1832
f 1832 1663 340
f 1556 1518 674
f 1833 769 979
f 769 1833 770
f 549 208 550
f 210 549 1489
f 1489 11 210
f 208 549 210
f 972 1834 960
f 614 613 456
f 456 1331 614
f 1835 3 1014
f 3 1835 1
f 1836 1160 1837
f 1160 1836 1473
f 466 463 856
f 856 1838 466
f 1439 90 87
f 103 77 1583
f 1839 1772 1771
f 1771 1840 1839
f 1772 1839 1841
f 1772 1841 1842
f 1451 1843 1768
f 1768 1452 1451
f 1843 1451 1844
f 1843 1844 949
f 614 1845 737
f 737 610 614
f 1845 614 1331
f 1331 1329 1845
f 1846 1780 1464
f 228 1846 1847
f 1846 228 1780
f 720 885 696
f 885 720 719
f 91 808 1319
f 808 91 335
f 574 497 500
f 1123 574 577
f 574 1123 497
f 1814 1848 938
f 938 474 1814
f 1770 552 1057
f 552 1770 1849
f 691 837 1102
f 1102 689 691
f 788 1545 789
f 1545 788 1507
f 1850 1507 1737
f 1507 1850 1545
f 514 1425 1463
f 1463 1597 514
f 1838 1851 467
f 467 466 1838
f 1516 187 74
f 74 1712 1516
f 421 456 613
f 613 709 977
f 977 421 613
f 883 880 1716
f 1716 1852 883
f 211 213 484
f 32 30 1145
f 1145 1605 32
f 682 579 862
f 862 1076 682
f 554 557 1530
f 1831 1677 1676
f 1677 1831 1641
f 1853 1641 1640
f 1641 1853 1677
f 1854 683 1573
f 1573 1785 1854
f 684 1854 1494
f 1854 684 683
f 1662 220 223
f 1855 1774 1776
f 1855 269 1856
f 269 1855 1776
f 1293 1857 453
f 453 455 1293
f 1857 1293 1292
f 1716 1733 1852
f 629 897 626
f 897 629 895
f 533 1858 1294
f 1858 533 535
f 1859 892 890
f 892 1859 452
f 1600 1597 1463
f 1463 1388 1600
f 77 1581 1583
f 1581 77 1348
f 988 426 423
f 350 1069 1068
f 1069 350 348
f 1210 348 345
f 348 1210 1069
f 465 412 1860
f 1860 1861 465
f 412 465 413
f 966 1185 1501
f 1185 966 965
f 1183 965 968
f 965 1183 1185
f 1611 1862 512
f 1862 1611 963
f 1862 963 960
f 1739 1513 1514
f 1513 1739 1738
f 46 45 275
f 1599 1863 1612
f 1863 1599 1222
f 1591 1222 1221
f 1222 1591 1863
f 1864 1865 1410
f 1410 1578 1864
f 352 1026 353
f 1026 352 355
f 355 545 1026
f 406 409 356
f 1735 1866 634
f 634 633 1735
f 1867 1522 1525
f 1522 1867 1868
f 1868 1869 1523
f 1523 1522 1868
f 1249 495 494
f 495 1249 1016
f 1078 1079 293
f 293 1134 1078
f 910 1870 908
f 1871 1872 1873
f 1873 1491 1871
f 471 470 1826
f 1826 1201 471
f 746 674 743
f 786 494 652
f 494 786 1249
f 1874 1152 1150
f 1152 1874 1875
f 1280 476 478
f 1207 664 663
f 837 1217 1216
f 1217 837 730
f 1217 730 729
f 1876 1836 1837
f 1837 1812 1876
f 1709 1813 1847
f 1847 1846 1709
f 1699 1700 1650
f 1812 700 819
f 1812 1877 1876
f 1877 1812 819
f 1447 251 247
f 373 1256 374
f 1256 373 1255
f 395 502 392
f 502 395 1287
f 1878 1374 1211
f 1211 1521 1878
f 1374 1878 1879
f 1879 1229 1374
f 782 1479 780
f 1880 782 1881
f 1479 1880 1789
f 1880 1479 782
f 1545 1526 1218
f 1526 1545 1850
f 1173 1850 1172
f 1850 1173 1526
f 201 1293 1705
f 1293 201 203
f 612 709 613
f 1108 294 298
f 298 1728 1108
f 1227 1677 1853
f 1677 1227 1226
f 607 1882 377
f 377 376 607
f 1882 607 603
f 603 415 1882
f 390 1883 391
f 1310 1123 577
f 1520 1519 1778
f 661 658 1795
f 1474 140 676
f 140 1474 141
f 195 650 198
f 602 893 154
f 1884 822 1885
f 1886 1884 1887
f 1884 1886 823
f 1884 823 822
f 1301 1303 1585
f 1585 1584 1301
f 1186 1183 998
f 998 1823 1186
f 1591 1590 1807
f 1807 1888 1591
f 1805 1889 1111
f 1111 241 1805
f 1666 1045 1047
f 1047 1568 1666
f 58 1446 1812
f 1812 1837 58
f 825 133 132
f 132 999 825
f 962 1612 1863
f 1612 962 961
f 1611 961 963
f 961 1611 1612
f 1729 1594 702
f 1594 1729 1595
f 1700 823 1886
f 823 1700 932
f 1272 1620 1831
f 1831 436 1272
f 1259 1554 747
f 1554 1259 1363
f 1554 1363 1552
f 450 1729 702
f 167 1890 1596
f 1676 439 436
f 436 1831 1676
f 1230 1100 1181
f 1100 1230 1383
f 1017 139 138
f 138 493 1017
f 139 1017 1019
f 1860 416 1891
f 416 1860 412
f 1524 919 1892
f 33 440 1706
f 1706 206 33
f 440 33 437
f 771 1891 768
f 1891 771 1860
f 1682 1847 1813
f 1813 1318 1682
f 1847 1682 1681
f 1847 226 228
f 226 1847 1681
f 1837 59 58
f 59 1837 1160
f 362 361 1249
f 1249 786 362
f 1835 1014 1015
f 1015 1750 1835
f 1700 1886 1650
f 33 894 438
f 438 437 33
f 971 960 1807
f 1727 1724 1893
f 1893 1894 1727
f 588 1290 1471
f 1290 588 630
f 1136 630 1138
f 630 1136 1290
f 1895 949 947
f 947 1767 1768
f 949 1895 1843
f 947 1768 1895
f 1496 11 13
f 11 1496 210
f 164 1412 1503
f 1503 165 164
f 1412 164 733
f 733 732 1412
f 1872 868 1873
f 868 1872 869
f 114 1896 115
f 1896 114 275
f 1896 275 1442
f 1442 1440 1896
f 861 1781 1897
f 1781 861 858
f 841 1475 1571
f 1475 841 1478
f 333 1495 1504
f 1495 333 92
f 1840 1898 1899
f 85 83 605
f 605 1529 85
f 640 641 1900
f 1383 1901 1384
f 146 147 1902
f 1491 1288 1289
f 1289 1871 1491
f 1903 1904 1905
f 1887 1650 1886
f 1650 1887 1903
f 1650 1903 1905
f 1247 1903 1246
f 1903 1247 1904
f 1017 493 495
f 1906 353 1907
f 1589 1559 1563
f 1559 1589 1711
f 1559 1711 1560
f 957 286 1908
f 273 957 956
f 957 273 286
f 304 1188 1740
f 1188 304 302
f 1710 1635 1560
f 1560 1711 1710
f 1635 1710 1465
f 1465 860 1635
f 297 169 298
f 457 1331 456
f 1330 457 1909
f 457 1330 1331
f 274 239 238
f 239 274 370
f 488 994 993
f 994 488 1511
f 1377 1511 982
f 1511 1377 994
f 1346 1817 1345
f 1817 1346 1815
f 1558 1561 862
f 739 1284 1212
f 1212 679 739
f 998 997 1822
f 1910 1403 1404
f 1404 1725 1910
f 681 1214 1806
f 735 1501 1411
f 1501 735 966
f 1457 1878 1521
f 1878 1457 1879
f 1310 577 576
f 1310 1911 1912
f 1911 1310 576
f 518 1104 1106
f 1104 518 1105
f 575 500 501
f 500 575 574
f 1024 1913 41
f 548 1057 552
f 1705 1293 455
f 1877 819 818
f 818 1914 1877
f 1915 1759 1762
f 1762 1344 1915
f 1759 1915 1760
f 1881 782 1199
f 190 1140 191
f 1140 190 1141
f 1154 745 1157
f 745 1154 747
f 1829 151 1528
f 151 1829 221
f 164 163 886
f 886 733 164
f 1089 1087 127
f 1398 1916 1917
f 1916 1398 1397
f 1918 1397 1619
f 1397 1918 1916
f 1919 1569 1570
f 1569 1919 1659
f 1585 970 969
f 970 1585 1673
f 1880 135 134
f 135 1880 1881
f 1881 649 135
f 1846 1464 1465
f 1465 1709 1846
f 844 20 18
f 20 844 1920
f 1053 1441 1055
f 1441 1053 1824
f 806 1283 666
f 666 669 806
f 1283 1633 1630
f 1633 1283 806
f 1283 1630 1281
f 894 619 438
f 1086 611 1820
f 611 1086 609
f 1394 1536 1742
f 1742 1579 1394
f 1845 985 737
f 1551 1845 1326
f 1845 1551 985
f 1497 1512 1921
f 1799 1798 1922
f 1608 73 1738
f 73 1608 1610
f 1605 1311 32
f 1311 1605 1375
f 679 1212 677
f 1251 1873 868
f 1873 1251 1470
f 1491 1470 1471
f 1470 1491 1873
f 1236 1038 1219
f 976 1753 1477
f 185 1427 186
f 1923 1924 1632
f 801 1498 799
f 781 780 1479
f 713 1734 714
f 1734 713 941
f 1925 1485 1926
f 1926 1927 1925
f 1485 1925 1484
f 1027 544 1353
f 544 1027 545
f 1516 1712 371
f 1928 212 214
f 214 1929 1928
f 481 1928 486
f 212 481 213
f 481 212 1928
f 1908 286 290
f 1898 81 1899
f 983 1930 1839
f 1899 81 983
f 983 1839 1899
f 1271 1052 1051
f 1052 1271 1270
f 362 1270 360
f 1270 362 1052
f 1860 771 1931
f 1931 1861 1860
f 1840 1899 1839
f 1796 943 1542
f 943 1796 6
f 1268 1278 1267
f 1278 1268 1932
f 468 906 472
f 906 468 1260
f 298 169 1728
f 1628 1702 1361
f 1702 1628 1719
f 960 962 1888
f 1861 1931 145
f 145 142 1861
f 1568 1151 1766
f 1151 1568 1874
f 1874 1150 1151
f 1933 1332 898
f 1383 1230 1231
f 1547 1546 1129
f 1129 1128 1547
f 819 700 698
f 191 1698 1934
f 1696 191 1140
f 1140 1142 1696
f 1698 191 1696
f 570 1575 568
f 1935 1936 1937
f 52 428 84
f 84 50 52
f 1938 1905 1557
f 1905 1938 1648
f 1905 1648 1650
f 383 382 707
f 1494 1854 1225
f 1225 1223 1494
f 1939 782 779
f 779 483 1939
f 1798 938 1848
f 1848 1922 1798
f 1264 1056 1704
f 1056 1264 1054
f 843 1478 841
f 1478 843 417
f 1040 1038 1548
f 60 459 1273
f 1273 618 60
f 1821 611 736
f 611 1821 1820
f 1940 1916 1918
f 1916 1940 1941
f 1916 1941 1917
f 946 1139 1660
f 1660 944 946
f 1942 1821 984
f 984 1715 1942
f 1821 1942 1819
f 1279 1704 44
f 1704 1279 1264
f 1924 1630 1632
f 1281 1924 1282
f 1630 1924 1281
f 1486 1484 1568
f 1306 1943 1944
f 1943 1306 1678
f 120 1080 117
f 353 1028 1907
f 843 420 417
f 420 843 910
f 422 910 909
f 910 422 420
f 1137 945 954
f 1945 1926 1485
f 1946 1817 1816
f 1947 104 106
f 1946 1945 1485
f 1817 1946 1485
f 104 1947 1946
f 1945 1946 1947
f 805 803 1784
f 903 879 876
f 876 902 903
f 573 1911 576
f 1911 573 376
f 623 542 1723
f 968 998 1183
f 79 1348 77
f 1948 1949 1950
f 890 891 902
f 1596 168 167
f 684 1385 398
f 398 435 684
f 1595 1728 169
f 169 168 1595
f 246 1325 1533
f 1533 923 246
f 902 1902 890
f 1902 1859 890
f 146 902 876
f 1902 902 146
f 910 843 842
f 1951 1952 1435
f 1435 1434 1951
f 163 887 886
f 887 163 591
f 1683 227 226
f 226 1681 1683
f 1953 707 1954
f 1555 653 1577
f 653 1555 1552
f 653 1552 657
f 1213 1284 1285
f 1284 1213 1212
f 746 747 1553
f 1662 430 429
f 430 1662 1238
f 1485 1345 1817
f 1345 1485 1407
f 984 1821 736
f 406 356 358
f 1043 1042 1955
f 1938 1557 1956
f 440 441 1706
f 54 1317 153
f 1317 54 55
f 55 1680 1317
f 1938 1956 922
f 1567 1566 1009
f 1009 1006 1567
f 743 674 670
f 1217 729 1215
f 1433 1432 1957
f 1778 1519 1777
f 1528 1587 1829
f 862 861 1897
f 1531 1121 1382
f 1121 1531 1334
f 1436 1435 1952
f 1958 1862 960
f 1862 1958 1959
f 512 1959 510
f 1959 512 1862
f 1885 822 821
f 821 1960 1885
f 824 381 211
f 1961 1794 1793
f 1794 1961 1962
f 1962 1808 1794
f 1548 1038 1115
f 1346 895 629
f 895 1346 1204
f 1153 1031 1033
f 1963 1690 1689
f 775 778 545
f 977 710 978
f 710 977 709
f 1582 1580 1113
f 1113 518 1582
f 1300 678 680
f 680 1621 1300
f 1654 635 632
f 411 1882 415
f 1882 411 377
f 97 1693 98
f 1693 97 1694
f 1245 1007 1624
f 1624 1964 1245
f 1904 1247 1557
f 1088 1089 561
f 561 560 1088
f 1089 127 129
f 1089 1110 561
f 1110 1089 129
f 1229 1879 974
f 452 1432 570
f 1432 452 1859
f 1432 1859 1957
f 617 616 699
f 699 1446 617
f 1082 1328 1080
f 1904 1557 1905
f 404 1020 1018
f 1020 404 397
f 460 397 396
f 397 460 1020
f 1570 43 46
f 43 1570 1444
f 1199 648 649
f 649 1881 1199
f 648 1199 1201
f 1201 1826 648
f 467 413 464
f 413 467 411
f 207 1921 1965
f 1921 207 209
f 1921 209 1497
f 1966 1967 1263
f 1263 1219 1966
f 1875 1925 1927
f 1925 1875 1874
f 1815 1346 629
f 629 628 1815
f 1968 1192 832
f 832 835 1968
f 1723 661 1795
f 1107 1969 102
f 102 103 1107
f 488 993 261
f 528 1482 529
f 360 1270 1269
f 1269 711 360
f 1645 1647 707
f 1741 1431 451
f 1804 1970 1763
f 830 1135 1134
f 1135 830 829
f 380 214 211
f 1929 380 1971
f 380 1929 214
f 376 608 607
f 608 376 573
f 919 918 1892
f 516 159 157
f 1443 1442 275
f 343 1093 1972
f 1972 1832 343
f 1687 169 1499
f 1351 1607 1365
f 1607 1351 1349
f 1529 86 85
f 86 1529 1216
f 1934 192 191
f 453 1724 454
f 1724 453 1857
f 1724 1857 1893
f 1971 380 379
f 379 1586 1971
f 1768 1843 1895
f 147 145 1931
f 1931 1973 147
f 662 661 1208
f 335 92 333
f 92 335 91
f 83 1174 606
f 606 605 83
f 355 776 775
f 775 545 355
f 1564 196 199
f 199 1563 1564
f 196 1564 1145
f 1145 197 196
f 1107 1583 1582
f 1582 1106 1107
f 1583 1107 103
f 1974 278 285
f 278 1974 1176
f 1636 1635 860
f 860 859 1636
f 1156 1155 1517
f 1517 1149 1156
f 1172 1850 1737
f 1737 1174 1172
f 828 1480 1789
f 1789 134 828
f 1480 828 827
f 999 132 141
f 141 1474 999
f 1637 1639 1176
f 1176 1974 1637
f 1130 1127 1975
f 1975 17 1130
f 974 1457 975
f 1457 974 1879
f 351 354 913
f 1180 1976 1013
f 851 1968 835
f 1365 1977 1351
f 1977 1365 1366
f 1237 223 222
f 222 1515 1237
f 1549 1548 1115
f 1115 1116 1549
f 403 1386 1462
f 1386 403 401
f 1308 1310 1912
f 1912 1978 1308
f 1119 181 186
f 1388 1220 1600
f 1220 1388 1387
f 1319 1979 1321
f 1979 1319 808
f 1276 1275 386
f 386 385 1276
f 1919 1570 46
f 378 492 1437
f 1437 375 378
f 1547 504 1241
f 504 1547 508
f 762 642 643
f 1326 1845 1329
f 1505 792 1508
f 1477 1723 1795
f 623 1477 1753
f 1477 623 1723
f 708 704 1685
f 1776 1980 793
f 1980 1776 1775
f 909 911 457
f 457 422 909
f 1072 979 980
f 979 1072 1433
f 1433 1833 979
f 1169 1170 261
f 898 1205 1410
f 1462 1386 1388
f 1388 1463 1462
f 1196 1195 3
f 3 2 1196
f 451 1431 1428
f 1973 1931 771
f 771 770 1973
f 1740 1741 1749
f 1749 304 1740
f 1421 1420 1803
f 1803 1802 1421
f 1515 1828 1800
f 1828 1515 222
f 1828 222 221
f 221 1829 1828
f 204 1338 797
f 1537 1393 1395
f 1395 1756 1537
f 806 805 1784
f 1784 194 806
f 543 545 1015
f 128 1418 1417
f 1417 829 128
f 1418 128 130
f 16 1535 1132
f 1535 16 19
f 1717 1540 1544
f 1902 1433 1957
f 1833 1902 147
f 147 1973 1833
f 1433 1902 1833
f 1518 1777 1519
f 1121 1120 1382
f 1917 1941 1981
f 1541 1340 1355
f 1340 1541 1344
f 551 550 206
f 1909 457 911
f 1404 454 1724
f 1787 872 1653
f 1713 1923 1631
f 1631 1634 1713
f 430 1390 1173
f 1173 428 430
f 1384 554 1530
f 554 1384 1901
f 554 1901 558
f 569 1461 452
f 452 570 569
f 779 484 483
f 649 136 135
f 436 438 619
f 436 615 1272
f 615 436 619
f 1189 600 1982
f 1982 1733 1189
f 600 1189 598
f 929 717 720
f 720 817 929
f 1983 1726 1727
f 1028 1353 1984
f 1353 1028 1027
f 17 1538 15
f 1538 17 1975
f 750 1041 854
f 1041 750 758
f 41 1913 38
f 817 815 930
f 930 929 817
f 1606 578 1378
f 1378 1376 1606
f 628 1818 1815
f 1818 628 1083
f 451 1088 560
f 1985 1773 1986
f 1773 1985 851
f 1987 1958 960
f 1880 134 1789
f 1316 1313 1527
f 1527 150 1316
f 148 224 152
f 1986 1773 330
f 330 1402 1986
f 1854 1785 1225
f 508 1128 1131
f 1128 508 1547
f 518 1111 1889
f 67 1810 70
f 845 844 18
f 18 15 845
f 1167 1988 1989
f 1989 1166 1167
f 483 1414 1939
f 1414 483 482
f 1935 1937 1625
f 1625 1622 1935
f 1891 416 1510
f 1510 1509 1891
f 787 1232 1234
f 1234 791 787
f 1232 787 790
f 790 1012 1232
f 1990 1991 1992
f 1992 1993 1990
f 40 1994 1995
f 1994 40 848
f 864 848 865
f 848 864 1994
f 638 637 1175
f 1175 1792 638
f 1720 451 1428
f 25 1248 1996
f 956 274 273
f 274 956 959
f 1991 110 113
f 113 1992 1991
f 793 39 38
f 1983 1727 1894
f 186 1427 1098
f 1098 1119 186
f 194 1784 1141
f 1141 190 194
f 1920 844 26
f 26 170 1997
f 1997 1920 26
f 662 1206 663
f 1534 1998 924
f 924 1532 1534
f 1965 33 207
f 1954 707 382
f 870 1653 872
f 1174 414 606
f 414 1174 1737
f 7 9 1557
f 1457 1521 1455
f 1006 1276 1567
f 1276 1006 1265
f 80 645 256
f 1874 1484 1925
f 1484 1874 1568
f 798 1999 2000
f 2000 796 798
f 119 118 1327
f 1327 1330 119
f 1228 1230 1181
f 1094 344 342
f 287 292 1520
f 1094 1966 1219
f 1219 1038 1095
f 1095 1094 1219
f 434 1644 1574
f 1801 1800 1827
f 188 580 75
f 75 71 188
f 1134 295 830
f 295 1134 293
f 262 263 995
f 2001 67 69
f 1792 1175 1176
f 1176 1639 1792
f 2002 2003 2004
f 1567 1276 385
f 385 388 1567
f 1029 1091 1030
f 1132 1130 17
f 17 16 1132
f 1316 150 149
f 1294 1858 1295
f 1957 1859 1902
f 2005 1908 290
f 957 2005 507
f 507 506 957
f 2005 957 1908
f 1869 685 687
f 687 1523 1869
f 2006 254 2007
f 254 2006 2008
f 254 2008 257
f 2009 1306 1944
f 1306 2009 1790
f 1671 1198 1194
f 1923 1632 1631
f 2010 120 116
f 116 912 2010
f 1553 747 1554
f 1703 1543 943
f 943 942 1703
f 1307 1915 1344
f 1915 1307 1309
f 1915 2011 1760
f 2011 1915 1309
f 1755 1990 1993
f 1990 1755 1618
f 882 1064 1063
f 1064 882 881
f 1135 1421 1802
f 1802 258 1135
f 624 623 1753
f 413 465 464
f 170 172 1997
f 1883 1661 391
f 694 816 695
f 816 694 2012
f 231 239 369
f 369 461 231
f 461 369 371
f 25 1274 24
f 1274 25 2013
f 507 2005 1239
f 2014 2015 1164
f 1870 2010 912
f 912 908 1870
f 667 666 1283
f 616 620 697
f 697 699 616
f 1352 1811 1984
f 1984 1353 1352
f 1106 1582 518
f 1298 676 675
f 1998 767 425
f 425 924 1998
f 1978 1309 1308
f 1517 1271 1051
f 1051 1460 1517
f 415 603 606
f 606 414 415
f 673 672 711
f 711 1269 673
f 121 2016 125
f 1391 1392 791
f 791 1234 1391
f 6 1196 2
f 1196 6 1796
f 770 1833 1973
f 1623 1964 1624
f 9 2017 1557
f 1596 1890 1617
f 1617 1593 1596
f 1010 811 814
f 814 1178 1010
f 296 293 1079
f 1178 1013 1010
f 1013 1178 1180
f 1222 1600 1220
f 1600 1222 1599
f 1888 1863 1591
f 1863 1888 962
f 1866 1747 1746
f 1746 634 1866
f 1658 499 496
f 496 1718 1658
f 479 882 1063
f 268 1856 269
f 1318 1317 1680
f 1680 1682 1318
f 922 1648 1938
f 647 2018 2007
f 2007 645 647
f 1673 1585 1303
f 1645 707 708
f 1746 632 634
f 632 1746 964
f 2019 2020 2021
f 2021 2022 2019
f 2023 553 552
f 2024 1814 9
f 9 2025 2026
f 2026 2024 9
f 411 467 1851
f 793 38 2027
f 118 1328 1327
f 1328 118 1080
f 1909 119 1330
f 912 1909 911
f 1909 912 116
f 1909 116 119
f 772 1509 1508
f 1508 1392 772
f 1509 772 768
f 768 1891 1509
f 287 1520 1778
f 1778 288 287
f 1636 859 862
f 2005 1242 1239
f 1242 2005 290
f 1038 565 562
f 1861 142 465
f 2028 1989 1988
f 1830 1827 1800
f 1800 1828 1830
f 1555 1469 1468
f 2007 2018 2006
f 1492 623 1159
f 256 2007 254
f 2007 256 645
f 1392 1508 792
f 792 791 1392
f 1970 1627 1763
f 1627 1970 1626
f 1888 1807 960
f 1999 2029 2000
f 153 51 54
f 51 153 152
f 25 1996 2030
f 2030 2013 25
f 1849 1770 1772
f 1772 1842 1849
f 2031 446 445
f 1185 1184 1502
f 1502 1501 1185
f 1195 546 1014
f 1014 3 1195
f 2032 9 1757
f 118 117 1080
f 9 8 2033
f 2033 2025 9
f 687 919 1523
f 1760 2011 1761
f 621 625 1085
f 1241 504 507
f 507 1239 1241
f 1532 923 1533
f 923 1532 924
f 707 1647 383
f 793 2027 1776
f 656 655 1488
